"","Anemone.ID","Month","Month.Clutch","Treatment","Reef.ID","Date","Time","Clutch.Age","M.tend","F.tend","Conflict.M","Conflict.F","Actual.Observer","Manipulation","Age","Laid","ID","expt","FSL.1","FSL.2","FSL","MSL.1","MSL.2","MSL","MDSL","FDSL"
"1",204,"2",2,"F","Marks ","8/6/2018",20,6,14.25533333,3.0889,0,0,"M","7/17/2018","Late",289,204,"Y",46.6,49,47.8,33.2,36.3,34.75,"3.1",2.4
"2",204,"1",1,"F","Marks","6/25/2018",12,4,11.4758,0.257333,0,0,"M","6/13/2018","Early",165,204,"Y",46.6,49,47.8,33.2,36.3,34.75,"3.1",2.4
"3",204,"2",1,"F","Marks","7/27/2018",12,7,11.27338333,0.377716667,0,0,"M","7/15/2018","Late",335,204,"Y",46.6,49,47.8,33.2,36.3,34.75,"3.1",2.4
"4",204,"2",1,"F","Marks","7/23/2018",8,3,14.44481667,0.693116667,0,0,"T","7/15/2018","Early",335,204,"Y",46.6,49,47.8,33.2,36.3,34.75,"3.1",2.4
"5",204,"1",1,"F","Marks","6/27/2018",14,6,12.49008333,0.448316667,0,0,"M","6/13/2018","Late",165,204,"Y",46.6,49,47.8,33.2,36.3,34.75,"3.1",2.4
"6",204,"2",2,"F","Marks","8/2/2018",18,3,8.073433333,0.288266667,0,0,"M","7/15/2018","Early",289,204,"Y",46.6,49,47.8,33.2,36.3,34.75,"3.1",2.4
"7",206,NA,NA,NA,NA,NA,NA,NA,NA,NA,NA,NA,NA,NA,NA,NA,206,"Y",38.3,NA,38.3,30,NA,30,"-30",-38.3
"8",338,"2",2,"M","First","8/10/2018",25,7,13.57235,0.75925,0,0,"T","7/16/2018","Late",203,338,"Y",53.3,53.6,53.45,40.5,41,40.75,"0.5",0.3
"9",338,"2",2,"M","First","8/6/2018",21,3,6.050766667,0.7176,0,0,"T","7/16/2018","Early",203,338,"Y",53.3,53.6,53.45,40.5,41,40.75,"0.5",0.3
"10",347,"1",1,"C","Bobs","7/3/2018",20,7,13.72433333,1.396533333,0,0,"T","6/13/2018","Late",481,347,"Y",60.9,61.6,61.25,52.1,52.5,52.3,"0.4",0.7
"11",347,"1",2,"C","Bobs","7/13/2018",30,6,14.78251667,8.094833333,0,0,"T","6/13/2018","Late",500,347,"Y",60.9,61.6,61.25,52.1,52.5,52.3,"0.4",0.7
"12",347,"2",2,"C","Bobs","8/12/2018",28,7,14.80548333,1.939616667,0,0,"T","7/15/2018","Late",659,347,"Y",60.9,61.6,61.25,52.1,52.5,52.3,"0.4",0.7
"13",347,"1",2,"C","Bobs","7/11/2018",28,4,13.04546667,0.740133333,0,0,"T","6/13/2018","Early",500,347,"Y",60.9,61.6,61.25,52.1,52.5,52.3,"0.4",0.7
"14",347,"2",2,"C","Bobs","8/8/2018",24,3,13.2308,1.2458,0,0,"T","7/15/2018","Early",659,347,"Y",60.9,61.6,61.25,52.1,52.5,52.3,"0.4",0.7
"15",347,"1",1,"C","Bobs","6/29/2018",16,3,11.74521667,0.802283333,0,0,"T","6/13/2018","Early",481,347,"Y",60.9,61.6,61.25,52.1,52.5,52.3,"0.4",0.7
"16",351,"1",2,"F","Hanging 2","7/8/2018",25,4,12.70641667,0.7973,0,0,"M","6/13/2018","Early",232,351,"Y",51.6,51.7,51.65,43.5,42.8,43.15,"-0.7",0.1
"17",351,"2",1,"F","Hanging 2","7/26/2018",12,4,13.65133,0.930183,0,0,"M","7/14/2018","Early",293,351,"Y",51.6,51.7,51.65,43.5,42.8,43.15,"-0.7",0.1
"18",351,"2",2,"F","Hanging 2","8/3/2018",20,3,5.458883,0.59665,0,0,"M","7/14/2018","Early",354,351,"Y",51.6,51.7,51.65,43.5,42.8,43.15,"-0.7",0.1
"19",351,"1",2,"F","Hanging 2","7/10/2018",27,6,10.75893,0.668667,0,0,"M","6/13/2018","Late",232,351,"Y",51.6,51.7,51.65,43.5,42.8,43.15,"-0.7",0.1
"20",351,"2",1,"F","Hanging 2","7/28/2018",14,6,14.12023,1.096083,0,0,"M","7/14/2018","Late",293,351,"Y",51.6,51.7,51.65,43.5,42.8,43.15,"-0.7",0.1
"21",353,"1",2,"F","Hanging","7/10/2018",27,7,13.53848333,0.524233333,0,0,"T","6/13/2018","Late",293,353,"Y",56.1,56.2,56.15,45.5,44.5,45,"-1",0.1
"22",353,"1",1,"F","Hanging","6/28/2018",15,4,12.2673,0.525466667,0,0,"T","6/13/2018","Early",189,353,"Y",56.1,56.2,56.15,45.5,44.5,45,"-1",0.1
"23",353,"1",1,"F","Hanging","6/30/2018",17,6,14.10738333,2.3169,0,0,"T","6/13/2018","Late",189,353,"Y",56.1,56.2,56.15,45.5,44.5,45,"-1",0.1
"24",353,"1",2,"F","Hanging","7/6/2018",23,3,11.73108333,0.53805,0,0,"T","6/13/2018","Early",293,353,"Y",56.1,56.2,56.15,45.5,44.5,45,"-1",0.1
"25",355,"1",1,"C","Hanging 1","6/22/2018",9,4,11.44585,2.336366667,0,0,"M","6/13/2018","Early",179,355,"Y",55.3,54.4,54.85,43.5,44.2,43.85,"0.7",-0.9
"26",355,"1",3,"C","Hanging 1","7/8/2018",25,3,12.375,2.4513,0,0,"M","6/13/2018","Early",269,355,"Y",55.3,54.4,54.85,43.5,44.2,43.85,"0.7",-0.9
"27",355,"1",1,"C","Hanging 1","6/24/2018",11,6,11.50293333,1.005833333,0,0,"M","6/13/2018","Late",179,355,"Y",55.3,54.4,54.85,43.5,44.2,43.85,"0.7",-0.9
"28",355,"1",2,"C","Hanging 1","7/4/2018",21,7,14.94048333,2.08015,0,0,"M","6/13/2018","Late",295,355,"Y",55.3,54.4,54.85,43.5,44.2,43.85,"0.7",-0.9
"29",355,"1",2,"C","Hanging 1","6/30/2018",17,3,8.371416667,0.6729,0,0,"M","6/13/2018","Early",295,355,"Y",55.3,54.4,54.85,43.5,44.2,43.85,"0.7",-0.9
"30",355,"2",2,"C","Hanging 1","8/1/2018",18,3,13.882,0.630866667,0,0,"M","7/14/2018","Early",296,355,"Y",55.3,54.4,54.85,43.5,44.2,43.85,"0.7",-0.9
"31",355,"2",2,"C","Hanging 1","8/5/2018",22,7,14.62906667,7.1455,0,0,"M","7/14/2018","Late",296,355,"Y",55.3,54.4,54.85,43.5,44.2,43.85,"0.7",-0.9
"32",355,"2",1,"C","Hanging 1","7/22/2018",8,3,11.04396667,1.41335,0,0,"M","7/14/2018","Early",246,355,"Y",55.3,54.4,54.85,43.5,44.2,43.85,"0.7",-0.9
"33",355,"2",1,"C","Hanging 1","7/26/2018",12,7,10.79926667,0.737933333,0,0,"M","7/14/2018","Late",246,355,"Y",55.3,54.4,54.85,43.5,44.2,43.85,"0.7",-0.9
"34",356,"1",2,"M","Hanging 1","7/10/2018",27,7,10.5726,1.382266667,0,0,"M","6/13/2018","Late",227,356,"Y",52.1,51.7,51.9,37.7,36.6,37.15,"-1.1",-0.4
"35",356,"2",1,"M","Hanging 1","7/18/2018",4,3,10.47795,3.254583333,0,0,"M","7/14/2018","Early",121,356,"Y",52.1,51.7,51.9,37.7,36.6,37.15,"-1.1",-0.4
"36",356,"2",1,"M","Hanging 1","7/22/2018",8,7,7.861566667,0.820433333,0,0,"M","7/14/2018","Late",121,356,"Y",52.1,51.7,51.9,37.7,36.6,37.15,"-1.1",-0.4
"37",356,"2",2,"M","Hanging 1","7/30/2018",16,4,8.158916667,1.0205,0,0,"M","7/14/2018","Early",281,356,"Y",52.1,51.7,51.9,37.7,36.6,37.15,"-1.1",-0.4
"38",356,"2",2,"M","Hanging 1","8/1/2018",18,6,14.4549,5.824233333,0,0,"M","7/14/2018","Late",281,356,"Y",52.1,51.7,51.9,37.7,36.6,37.15,"-1.1",-0.4
"39",356,"2",3,"M","Hanging 1","8/11/2018",28,7,10.90391667,1.636533333,0,0,"M","7/14/2018","Late",264,356,"Y",52.1,51.7,51.9,37.7,36.6,37.15,"-1.1",-0.4
"40",356,"1",1,"M","Hanging 1","6/28/2018",15,3,9.359366667,1.046183333,0,1,"M","6/13/2018","Early",147,356,"Y",52.1,51.7,51.9,37.7,36.6,37.15,"-1.1",-0.4
"41",356,"1",1,"M","Hanging 1","7/2/2018",19,7,7.64085,0.828483333,0,0,"M","6/13/2018","Late",147,356,"Y",52.1,51.7,51.9,37.7,36.6,37.15,"-1.1",-0.4
"42",356,"1",2,"M","Hanging 1","7/6/2018",23,3,10.5329,1.3192,0,0,"M","6/13/2018","Early",227,356,"Y",52.1,51.7,51.9,37.7,36.6,37.15,"-1.1",-0.4
"43",358,"2",2,"C","Hanging 2","8/5/2018",22,6,13.51533333,3.016583333,0,0,"M","7/14/2018","Late",408,358,"Y",55.5,56.1,55.8,42.7,44,43.35,"1.3",0.6
"44",358,"1",2,"C","Hanging 2","7/10/2018",27,6,14.47058333,1.82865,0,0,"M","6/13/2018","Late",271,358,"Y",55.5,56.1,55.8,42.7,44,43.35,"1.3",0.6
"45",358,"1",2,"C","Hanging 2","7/8/2018",25,4,13.71651667,1.118666667,0,0,"M","6/13/2018","Early",271,358,"Y",55.5,56.1,55.8,42.7,44,43.35,"1.3",0.6
"46",358,"1",1,"C","Hanging 2","6/28/2018",15,3,5.308033333,1.493833333,0,0,"M","6/13/2018","Early",234,358,"Y",55.5,56.1,55.8,42.7,44,43.35,"1.3",0.6
"47",358,"1",1,"C","Hanging 2","7/2/2018",19,7,13.4554,0.847733333,0,0,"M","6/13/2018","Late",234,358,"Y",55.5,56.1,55.8,42.7,44,43.35,"1.3",0.6
"48",358,"2",2,"C","Hanging 2","8/3/2018",20,4,13.80123333,1.464416667,0,0,"M","7/14/2018","Early",408,358,"Y",55.5,56.1,55.8,42.7,44,43.35,"1.3",0.6
"49",358,"2",1,"C","Hanging 2","7/26/2018",12,6,14.76513333,3.293216667,0,0,"M","7/14/2018","Late",430,358,"Y",55.5,56.1,55.8,42.7,44,43.35,"1.3",0.6
"50",358,"2",1,"C","Hanging 2","7/24/2018",10,4,13.99573333,1.218266667,0,0,"M","7/14/2018","Early",430,358,"Y",55.5,56.1,55.8,42.7,44,43.35,"1.3",0.6
"51",362,"1",1,"M","Marks","6/27/2018",14,7,13.53353333,2.090766667,0,0,"M","6/13/2018","Late",436,362,"Y",52.7,53,52.85,42,42.8,42.4,"0.8",0.3
"52",362,"1",1,"M","Marks","6/23/2018",10,3,7.9381,3.179266667,0,0,"M","6/13/2018","Early",436,362,"Y",52.7,53,52.85,42,42.8,42.4,"0.8",0.3
"53",362,"1",3,"M","Marks","7/13/2018",30,4,8.921516667,0.93525,0,0,"M","6/13/2018","Early",393,362,"Y",52.7,53,52.85,42,42.8,42.4,"0.8",0.3
"54",362,"1",2,"M","Marks","7/3/2018",20,3,6.946466667,1.664183333,0,0,"M","6/13/2018","Early",490,362,"Y",52.7,53,52.85,42,42.8,42.4,"0.8",0.3
"55",362,"1",2,"M","Marks","7/7/2018",24,7,14.42296667,2.559816667,0,0,"M","6/13/2018","Late",490,362,"Y",52.7,53,52.85,42,42.8,42.4,"0.8",0.3
"56",362,"1",3,"M","Marks","7/15/2018",32,6,9.52075,0.6748,0,0,"M","6/13/2018","Late",393,362,"Y",52.7,53,52.85,42,42.8,42.4,"0.8",0.3
"57",362,"2",2,"M","Marks ","8/6/2018",20,3,8.768583333,3.80645,0,0,"M","7/17/2018","Early",608,362,"Y",52.7,53,52.85,42,42.8,42.4,"0.8",0.3
"58",362,"2",2,"M","Marks ","8/10/2018",24,7,14.7475,10.45581667,0,0,"M","7/17/2018","Late",608,362,"Y",52.7,53,52.85,42,42.8,42.4,"0.8",0.3
"59",362,"2",1,"M","Marks","7/31/2018",14,7,14.6089,5.70645,0,0,"M","7/17/2018","Late",662,362,"Y",52.7,53,52.85,42,42.8,42.4,"0.8",0.3
"60",362,"2",1,"M","Marks","7/27/2018",10,3,10.06898333,1.260883333,0,0,"M","7/17/2018","Early",662,362,"Y",52.7,53,52.85,42,42.8,42.4,"0.8",0.3
"61",380,"1",2,"F","First","7/4/2018",21,3,10.86013333,1.613016667,0,0,"T","6/13/2018","Early",368,380,"Y",49,51,50,38.4,38,38.2,"-0.4",2
"62",380,"2",1,"F","First","8/5/2018",20,7,12.89858333,0.399833333,0,0,"T","7/16/2018","Late",160,380,"Y",49,51,50,38.4,38,38.2,"-0.4",2
"63",381,"1",1,"F","Luba","7/1/2018",18,7,12.30193333,3.015166667,0,0,"M","6/13/2018","Late",271,381,"Y",53.8,53.1,53.45,38.2,37.4,37.8,"-0.8",-0.7
"64",381,"1",2,"F","Luba","7/11/2018",28,7,13.87163333,4.15675,0,0,"M","6/13/2018","Late",302,381,"Y",53.8,53.1,53.45,38.2,37.4,37.8,"-0.8",-0.7
"65",381,"2",1,"F","Luba Luba","7/24/2018",9,4,8.452816667,0.15765,0,0,"T","7/15/2018","Early",402,381,"Y",53.8,53.1,53.45,38.2,37.4,37.8,"-0.8",-0.7
"66",381,"2",2,"F","Luba","8/3/2018",19,3,9.657833333,1.058,0,0,"M","7/15/2018","Early",479,381,"Y",53.8,53.1,53.45,38.2,37.4,37.8,"-0.8",-0.7
"67",381,"1",2,"F","Luba","7/7/2018",24,3,10.79656667,1.16615,0,0,"M","6/13/2018","Early",302,381,"Y",53.8,53.1,53.45,38.2,37.4,37.8,"-0.8",-0.7
"68",381,"2",1,"F","Luba","7/26/2018",11,6,12.17898333,2.9332,0,0,"M","7/15/2018","Late",402,381,"Y",53.8,53.1,53.45,38.2,37.4,37.8,"-0.8",-0.7
"69",381,"1",1,"F","Luba","6/27/2018",14,3,6.9518,0.532183333,0,0,"M","6/13/2018","Early",271,381,"Y",53.8,53.1,53.45,38.2,37.4,37.8,"-0.8",-0.7
"70",382,"1",1,"C","Gava 1","7/1/2018",18,3,12.83738333,1.65145,0,0,"M","6/13/2018","Early",276,382,"Y",61,61.4,61.2,46,47,46.5,"1",0.4
"71",384,"2",1,"M","Hanging 2","7/26/2018",8,4,12.4123,2.620283333,0,0,"M","7/18/2018","Early",343,384,"Y",51,51.4,51.2,40.3,40,40.15,"-0.3",0.4
"72",384,"2",2,"M","Hanging 2 ","8/5/2018",18,3,12.40433333,1.57115,0,0,"M","7/18/2018","Early",362,384,"Y",51,51.4,51.2,40.3,40,40.15,"-0.3",0.4
"73",384,"1",1,"M","Hanging 2","6/20/2018",7,4,3.100216667,1.481633333,0,0,"M","6/13/2018","Early",209,384,"Y",51,51.4,51.2,40.3,40,40.15,"-0.3",0.4
"74",384,"1",1,"M","Hanging 2","6/22/2018",9,6,11.40006667,3.048083333,0,1,"M","6/13/2018","Late",209,384,"Y",51,51.4,51.2,40.3,40,40.15,"-0.3",0.4
"75",384,"1",2,"M","Hanging 2","7/4/2018",21,7,11.53111667,1.270383333,0,0,"T","6/13/2018","Late",273,384,"Y",51,51.4,51.2,40.3,40,40.15,"-0.3",0.4
"76",384,"2",2,"M","Hanging 2 ","8/9/2018",22,7,12.59133333,0.765783333,0,1,"M","7/18/2018","Late",362,384,"Y",51,51.4,51.2,40.3,40,40.15,"-0.3",0.4
"77",384,"1",3,"M","Hanging 2","7/16/2018",33,7,13.32005,0.614033333,0,0,"M","6/13/2018","Late",253,384,"Y",51,51.4,51.2,40.3,40,40.15,"-0.3",0.4
"78",384,"2",1,"M","Hanging 2","7/28/2018",10,6,11.60121667,1.682483333,0,0,"M","7/18/2018","Late",343,384,"Y",51,51.4,51.2,40.3,40,40.15,"-0.3",0.4
"79",384,"1",2,"M","Hanging 2","6/30/2018",17,3,7.81955,0.658316667,0,0,"M","6/13/2018","Early",273,384,"Y",51,51.4,51.2,40.3,40,40.15,"-0.3",0.4
"80",386,"1",1,"F","First","6/30/2018",17,3,8.232216667,1.865883333,0,0,"T","6/13/2018","Early",59,386,"Y",53.4,54.6,54,39.3,42.1,40.7,"2.8",1.2
"81",386,"1",1,"F","First","7/4/2018",21,7,10.84235,1.902216667,0,0,"T","6/13/2018","Late",59,386,"Y",53.4,54.6,54,39.3,42.1,40.7,"2.8",1.2
"82",390,"1",1,"C","Marks","6/19/2018",6,6,7.206616667,0.845666667,0,0,"T","6/13/2018","Late",165,390,"Y",54.4,55.8,55.1,40,39.4,39.7,"-0.6",1.4
"83",390,"2",2,"C","Marks","8/6/2018",20,7,11.31988333,1.324716667,0,0,"T","7/17/2018","Late",366,390,"Y",54.4,55.8,55.1,40,39.4,39.7,"-0.6",1.4
"84",390,"1",2,"C","Marks","7/3/2018",20,7,8.1688,1.138116667,0,0,"T","6/13/2018","Late",284,390,"Y",54.4,55.8,55.1,40,39.4,39.7,"-0.6",1.4
"85",390,"1",3,"C","Marks","7/15/2018",32,7,11.75938333,1.0998,0,0,"T","6/13/2018","Late",195,390,"Y",54.4,55.8,55.1,40,39.4,39.7,"-0.6",1.4
"86",390,"1",1,"C","Marks","6/17/2018",4,4,6.541,1.211233333,0,0,"T","6/13/2018","Early",165,390,"Y",54.4,55.8,55.1,40,39.4,39.7,"-0.6",1.4
"87",390,"1",2,"C","Marks","6/29/2018",16,3,11.01571667,2.508933333,0,0,"T","6/13/2018","Early",284,390,"Y",54.4,55.8,55.1,40,39.4,39.7,"-0.6",1.4
"88",390,"1",3,"C","Marks","7/11/2018",28,3,9.185516667,0.60805,0,0,"T","6/13/2018","Early",195,390,"Y",54.4,55.8,55.1,40,39.4,39.7,"-0.6",1.4
"89",390,"2",1,"C","Marks","7/23/2018",6,3,10.1767,0.717716667,0,0,"T","7/17/2018","Early",350,390,"Y",54.4,55.8,55.1,40,39.4,39.7,"-0.6",1.4
"90",392,"1",1,"M","Luba","7/1/2018",18,7,13.6208,0.78545,0,0,"M","6/13/2018","Late",226,392,"Y",48.2,50,49.1,35.6,37.2,36.4,"1.6",1.8
"91",392,"1",2,"M","Luba","7/7/2018",24,3,14.06536667,1.829466667,0,0,"M","6/13/2018","Early",170,392,"Y",48.2,50,49.1,35.6,37.2,36.4,"1.6",1.8
"92",392,"2",2,"M","Luba","8/3/2018",19,3,13.56168333,1.105,0,0,"M","7/15/2018","Early",326,392,"Y",48.2,50,49.1,35.6,37.2,36.4,"1.6",1.8
"93",392,"2",1,"M","Luba","7/28/2018",13,7,13.41613333,6.673883333,0,0,"M","7/15/2018","Late",415,392,"Y",48.2,50,49.1,35.6,37.2,36.4,"1.6",1.8
"94",392,"2",1,"M","Luba Luba","7/24/2018",9,3,14.8433,0.318633333,0,0,"T","7/15/2018","Early",415,392,"Y",48.2,50,49.1,35.6,37.2,36.4,"1.6",1.8
"95",392,"1",1,"M","Luba","6/27/2018",14,3,9.597466667,1.006683333,0,0,"M","6/13/2018","Early",226,392,"Y",48.2,50,49.1,35.6,37.2,36.4,"1.6",1.8
"96",393,"1",1,"M","Luba","6/25/2018",12,4,7.470583333,1.192233333,0,0,"M","6/13/2018","Early",186,393,"Y",46.5,47.9,47.2,37,38.5,37.75,"1.5",1.4
"97",393,"2",2,"M","Luba","7/30/2018",15,6,10.55326667,1.854866667,0,0,"M","7/15/2018","Late",269,393,"Y",46.5,47.9,47.2,37,38.5,37.75,"1.5",1.4
"98",393,"2",2,"M","Luba","7/28/2018",13,4,9.121533333,2.3633,0,0,"M","7/15/2018","Early",269,393,"Y",46.5,47.9,47.2,37,38.5,37.75,"1.5",1.4
"99",393,"1",1,"M","Luba","6/27/2018",14,6,7.357716667,2.25625,0,0,"M","6/13/2018","Late",186,393,"Y",46.5,47.9,47.2,37,38.5,37.75,"1.5",1.4
"100",393,"2",1,"M","Luba","7/19/2018",4,7,12.84086667,2.5141,0,0,"M","7/15/2018","Late",230,393,"Y",46.5,47.9,47.2,37,38.5,37.75,"1.5",1.4
"101",393,"2",3,"M","Luba ","8/9/2018",25,4,9.774616667,2.7277,0,0,"M","7/15/2018","Early",254,393,"Y",46.5,47.9,47.2,37,38.5,37.75,"1.5",1.4
"102",394,"1",2,"M","Hanging","7/6/2018",23,3,7.531683333,1.966133333,0,0,"T","6/13/2018","Early",426,394,"Y",55.4,56.6,56,42,42,42,"0",1.2
"103",394,"1",2,"M","Hanging","7/10/2018",27,7,14.09953333,1.084416667,0,0,"T","6/13/2018","Late",426,394,"Y",55.4,56.6,56,42,42,42,"0",1.2
"104",394,"2",2,"M","Hanging","8/6/2018",23,6,12.38333333,1.276783333,0,0,"T","7/14/2018","Late",503,394,"Y",55.4,56.6,56,42,42,42,"0",1.2
"105",394,"1",1,"M","Hanging","6/30/2018",17,6,10.4492,0.991366667,0,0,"T","6/13/2018","Late",358,394,"Y",55.4,56.6,56,42,42,42,"0",1.2
"106",394,"2",2,"M","Hanging","8/3/2018",20,3,5.609666667,0.360983333,0,0,"T","7/14/2018","Early",503,394,"Y",55.4,56.6,56,42,42,42,"0",1.2
"107",394,"1",1,"M","Hanging","6/28/2018",15,4,9.339766667,2.021683333,0,0,"T","6/13/2018","Early",358,394,"Y",55.4,56.6,56,42,42,42,"0",1.2
"108",396,"1",1,"F","Crater","7/2/2018",19,3,12.31743333,2.599516667,0,0,"M","6/13/2018","Early",117,396,"Y",56.5,57.3,56.9,39.5,39.7,39.6,"0.2",0.8
"109",396,"1",1,"F","Crater","7/6/2018",23,7,13.27965,1.1271,0,0,"M","6/13/2018","Late",117,396,"Y",56.5,57.3,56.9,39.5,39.7,39.6,"0.2",0.8
"110",396,"2",1,"F","Crater ","8/3/2018",20,7,14.28405,2.29795,0,0,"M","7/14/2018","Late",188,396,"Y",56.5,57.3,56.9,39.5,39.7,39.6,"0.2",0.8
"111",396,"2",1,"F","Crater","7/30/2018",16,3,14.71536667,1.652516667,0,0,"M","7/14/2018","Early",188,396,"Y",56.5,57.3,56.9,39.5,39.7,39.6,"0.2",0.8
"112",399,"1",1,"C","Hanging","6/24/2018",11,3,12.01798333,0.604533333,0,0,"T","6/13/2018","Early",488,399,"Y",59.8,60,59.9,45.7,44.9,45.3,"-0.8",0.2
"113",399,"1",2,"C","Hanging","7/8/2018",25,6,13.81101667,4.608766667,0,0,"T","6/13/2018","Late",408,399,"Y",59.8,60,59.9,45.7,44.9,45.3,"-0.8",0.2
"114",399,"1",2,"C","Hanging","7/6/2018",23,4,12.18946667,0.940316667,0,0,"T","6/13/2018","Early",408,399,"Y",59.8,60,59.9,45.7,44.9,45.3,"-0.8",0.2
"115",399,"2",1,"C","Hanging","7/24/2018",10,4,12.30771667,0.49925,0,0,"T","7/14/2018","Early",439,399,"Y",59.8,60,59.9,45.7,44.9,45.3,"-0.8",0.2
"116",403,"2",1,"M","Limuka","7/21/2018",6,3,10.44428333,1.223133333,0,0,"T","7/15/2018","Early",671,403,"Y",74.2,71.8,73,47,47.2,47.1,"0.2",-2.4
"117",403,"2",2,"M","Limuka","8/4/2018",20,7,14.6665,0.8133,0,0,"T","7/15/2018","Late",975,403,"Y",74.2,71.8,73,47,47.2,47.1,"0.2",-2.4
"118",403,"1",1,"M","Limuka","6/29/2018",16,7,14.64866667,0.609783333,0,0,"T","6/13/2018","Late",590,403,"Y",74.2,71.8,73,47,47.2,47.1,"0.2",-2.4
"119",403,"2",2,"M","Limuka","7/31/2018",16,3,14.3838,0.624333333,0,0,"T","7/15/2018","Early",975,403,"Y",74.2,71.8,73,47,47.2,47.1,"0.2",-2.4
"120",405,"2",2,"F","Limuka","8/8/2018",24,7,14.58886667,4.93685,0,0,"T","7/15/2018","Late",424,405,"Y",57.5,58,57.75,47.4,47.7,47.55,"0.3",0.5
"121",405,"2",1,"F","Limuka","7/25/2018",10,3,11.1425,6.031533333,0,0,"T","7/15/2018","Early",310,405,"Y",57.5,58,57.75,47.4,47.7,47.55,"0.3",0.5
"122",405,"2",2,"F","Limuka","8/4/2018",20,3,13.43395,8.138966667,0,0,"T","7/15/2018","Early",424,405,"Y",57.5,58,57.75,47.4,47.7,47.55,"0.3",0.5
"123",406,"1",1,"M","Limuka","6/29/2018",16,3,12.99286667,1.173283333,0,0,"M","6/13/2018","Early",228,NA,NA,NA,NA,NA,NA,NA,NA,NA,NA
"124",406,"1",2,"M","Limuka","7/7/2018",24,3,13.22286667,4.967,0,0,"M","6/13/2018","Early",90,NA,NA,NA,NA,NA,NA,NA,NA,NA,NA
"125",406,"1",2,"M","Limuka","7/11/2018",28,7,9.1488,1.0835,0,0,"T","6/13/2018","Late",90,NA,NA,NA,NA,NA,NA,NA,NA,NA,NA
"126",406,"2",1,"M","Limuka","7/29/2018",14,6,13.97285,2.986416667,0,0,"M","7/15/2018","Late",337,NA,NA,NA,NA,NA,NA,NA,NA,NA,NA
"127",406,"2",1,"M","Limuka","7/27/2018",12,4,14.21536667,1.416433333,0,0,"M","7/15/2018","Early",337,NA,NA,NA,NA,NA,NA,NA,NA,NA,NA
"128",406,"2",2,"M","Limuka ","8/4/2018",20,3,13.52586667,1.0609,0,0,"M","7/15/2018","Early",421,NA,NA,NA,NA,NA,NA,NA,NA,NA,NA
"129",406,"2",2,"M","Limuka ","8/8/2018",24,7,14.54921667,4.2346,0,0,"M","7/15/2018","Late",421,NA,NA,NA,NA,NA,NA,NA,NA,NA,NA
"130",408,"1",1,"C","Bobs","6/25/2018",12,4,10.52113333,1.33435,0,0,"T","6/13/2018","Early",261,408,"Y",54.7,54,54.35,45.9,46.7,46.3,"0.8",-0.7
"131",408,"1",1,"C","Bobs","6/27/2018",14,6,12.51805,1.498683333,0,0,"T","6/13/2018","Late",261,408,"Y",54.7,54,54.35,45.9,46.7,46.3,"0.8",-0.7
"132",408,"1",2,"C","Bobs","7/7/2018",24,7,14.65933333,5.44415,0,0,"T","6/13/2018","Late",403,408,"Y",54.7,54,54.35,45.9,46.7,46.3,"0.8",-0.7
"133",408,"1",2,"C","Bobs","7/3/2018",20,3,12.0875,2.187933333,0,0,"T","6/13/2018","Early",403,408,"Y",54.7,54,54.35,45.9,46.7,46.3,"0.8",-0.7
"134",411,"1",1,"M","Marks","7/5/2018",22,7,13.76015,0.77475,0,0,"T","6/13/2018","Late",360,411,"Y",56.8,57,56.9,47.7,48,47.85,"0.3",0.2
"135",411,"1",2,"M","Marks","7/15/2018",32,4,9.495316667,0.398266667,0,0,"T","6/13/2018","Early",261,411,"Y",56.8,57,56.9,47.7,48,47.85,"0.3",0.2
"136",411,"2",1,"M","Marks","8/6/2018",19,7,6.431666667,0.49075,0,0,"T","7/18/2018","Late",494,411,"Y",56.8,57,56.9,47.7,48,47.85,"0.3",0.2
"137",412,"1",1,"F","Marks","6/23/2018",10,6,13.30176667,3.025383333,0,0,"T","6/13/2018","Late",394,412,"Y",48.8,49.6,49.2,38.7,39.4,39.05,"0.7",0.8
"138",412,"1",1,"F","Marks","6/21/2018",8,4,7.227183333,2.381516667,0,0,"T","6/13/2018","Early",394,412,"Y",48.8,49.6,49.2,38.7,39.4,39.05,"0.7",0.8
"139",412,"1",2,"F","Marks","7/1/2018",18,3,7.10005,1.37215,0,0,"T","6/13/2018","Early",407,412,"Y",48.8,49.6,49.2,38.7,39.4,39.05,"0.7",0.8
"140",412,"1",2,"F","Marks","7/5/2018",22,7,14.16235,5.527116667,0,0,"T","6/13/2018","Late",407,412,"Y",48.8,49.6,49.2,38.7,39.4,39.05,"0.7",0.8
"141",412,"1",3,"F","Marks","7/11/2018",28,3,10.58675,0.9114,0,0,"T","6/13/2018","Early",387,412,"Y",48.8,49.6,49.2,38.7,39.4,39.05,"0.7",0.8
"142",412,"2",1,"F","Marks","7/25/2018",8,3,7.9401,0.74675,0,0,"T","7/17/2018","Early",488,412,"Y",48.8,49.6,49.2,38.7,39.4,39.05,"0.7",0.8
"143",412,"2",2,"F","Marks","8/4/2018",18,3,9.524883333,1.084633333,0,0,"T","7/17/2018","Early",422,412,"Y",48.8,49.6,49.2,38.7,39.4,39.05,"0.7",0.8
"144",412,"2",2,"F","Marks","8/8/2018",22,7,14.35138333,1.57485,0,0,"T","7/17/2018","Late",422,412,"Y",48.8,49.6,49.2,38.7,39.4,39.05,"0.7",0.8
"145",413,"1",1,"C","Marks","6/17/2018",4,4,5.372533333,0.862733333,0,0,"T","6/13/2018","Early",298,413,"Y",52,53,52.5,37.3,37.8,37.55,"0.5",1
"146",413,"1",1,"C","Marks","6/19/2018",6,6,10.6337,1.26725,0,0,"T","6/13/2018","Late",298,413,"Y",52,53,52.5,37.3,37.8,37.55,"0.5",1
"147",413,"1",2,"C","Marks","7/1/2018",18,6,9.586083333,0.8885,0,0,"T","6/13/2018","Late",326,413,"Y",52,53,52.5,37.3,37.8,37.55,"0.5",1
"148",413,"1",2,"C","Marks","6/29/2018",16,4,5.8224,0.9205,0,0,"T","6/13/2018","Early",326,413,"Y",52,53,52.5,37.3,37.8,37.55,"0.5",1
"149",413,"1",3,"C","Marks","7/11/2018",28,7,12.61066667,0.879333333,0,0,"T","6/13/2018","Late",339,413,"Y",52,53,52.5,37.3,37.8,37.55,"0.5",1
"150",413,"1",3,"C","Marks","7/7/2018",24,3,14.62883333,5.016016667,0,0,"T","6/13/2018","Early",339,413,"Y",52,53,52.5,37.3,37.8,37.55,"0.5",1
"151",413,"2",1,"C","Marks","7/25/2018",10,3,3.2839,0.16515,0,0,"T","7/15/2018","Early",473,413,"Y",52,53,52.5,37.3,37.8,37.55,"0.5",1
"152",413,"2",2,"C","Marks","8/8/2018",22,6,10.53536667,0.611916667,0,0,"T","7/17/2018","Late",68,413,"Y",52,53,52.5,37.3,37.8,37.55,"0.5",1
"153",413,"2",2,"C","Marks","8/6/2018",22,4,8.133883333,0.820833333,0,0,"T","7/15/2018","Early",68,413,"Y",52,53,52.5,37.3,37.8,37.55,"0.5",1
"154",417,"1",1,"F","Hanging 1","6/28/2018",15,4,8.5393,2.80105,0,0,"M","6/13/2018","Early",213,417,"Y",49,52,50.5,36.5,38.3,37.4,"1.8",3
"155",417,"1",1,"F","Hanging 1","6/30/2018",17,6,9.63275,3.386866667,0,0,"M","6/13/2018","Late",213,417,"Y",49,52,50.5,36.5,38.3,37.4,"1.8",3
"156",417,"1",2,"F","Hanging 1","7/8/2018",25,4,6.5794,1.171633333,0,0,"M","6/13/2018","Early",170,417,"Y",49,52,50.5,36.5,38.3,37.4,"1.8",3
"157",417,"1",2,"F","Hanging 1","7/10/2018",27,6,7.06725,2.42715,0,0,"M","6/13/2018","Late",170,417,"Y",49,52,50.5,36.5,38.3,37.4,"1.8",3
"158",417,"2",2,"F","Hanging 1 ","8/5/2018",22,4,4.793216667,0.737866667,0,0,"M","7/14/2018","Early",252,417,"Y",49,52,50.5,36.5,38.3,37.4,"1.8",3
"159",424,"1",1,"F","Luba Luba","7/3/2018",20,3,12.9969,0.242133333,0,0,"T","6/13/2018","Early",376,424,"Y",62,62.8,62.4,49.7,49.2,49.45,"-0.5",0.8
"160",424,"1",1,"F","Luba Luba","7/7/2018",24,7,12.54453333,0.577433333,0,0,"T","6/13/2018","Late",376,424,"Y",62,62.8,62.4,49.7,49.2,49.45,"-0.5",0.8
"161",424,"1",2,"F","Luba Luba","7/13/2018",30,3,11.97451667,0.25835,0,0,"T","6/13/2018","Early",393,424,"Y",62,62.8,62.4,49.7,49.2,49.45,"-0.5",0.8
"162",424,"2",1,"F","Luba Luba","8/5/2018",19,7,14.66235,1.14585,0,0,"T","7/17/2018","Late",480,424,"Y",62,62.8,62.4,49.7,49.2,49.45,"-0.5",0.8
"163",426,"1",1,"C","Luba Luba","6/27/2018",14,3,9.3755,1.571583333,0,0,"T","6/13/2018","Early",156,426,"Y",47,48.4,47.7,39.7,39.6,39.65,"-0.1",1.4
"164",426,"1",1,"C","Luba Luba","7/1/2018",18,7,12.19975,0.282566667,0,0,"T","6/13/2018","Late",156,426,"Y",47,48.4,47.7,39.7,39.6,39.65,"-0.1",1.4
"165",426,"1",2,"C","Luba Luba","7/9/2018",26,4,13.15521667,0.899233333,0,0,"T","6/13/2018","Early",197,426,"Y",47,48.4,47.7,39.7,39.6,39.65,"-0.1",1.4
"166",426,"2",1,"C","Luba Luba","7/24/2018",9,6,11.49678333,0.575783333,0,0,"T","7/15/2018","Late",182,426,"Y",47,48.4,47.7,39.7,39.6,39.65,"-0.1",1.4
"167",426,"2",1,"C","Luba Luba","7/21/2018",6,3,8.317583333,2.475133333,0,0,"T","7/15/2018","Early",182,426,"Y",47,48.4,47.7,39.7,39.6,39.65,"-0.1",1.4
"168",440,NA,NA,NA,NA,NA,NA,NA,NA,NA,NA,NA,NA,NA,NA,NA,440,"Y",54,53.9,53.95,42,42.4,42.2,"0.4",-0.1
"169",449,"1",2,"F","Crater","7/4/2018",21,7,14.35905,1.129633333,0,0,"T","6/13/2018","Late",619,449,"Y",62,61.7,61.85,50,48.8,49.4,"-1.2",-0.3
"170",449,"1",3,"F","Crater","7/14/2018",31,7,14.52518333,0.597566667,0,0,"T","6/13/2018","Late",422,449,"Y",62,61.7,61.85,50,48.8,49.4,"-1.2",-0.3
"171",449,"1",3,"F","Crater","7/10/2018",27,3,13.77326667,0.39775,0,0,"T","6/13/2018","Early",422,449,"Y",62,61.7,61.85,50,48.8,49.4,"-1.2",-0.3
"172",449,"2",2,"F","Crater","8/11/2018",26,7,14.60113333,0.615833333,0,0,"T","7/16/2018","Late",551,449,"Y",62,61.7,61.85,50,48.8,49.4,"-1.2",-0.3
"173",450,"1",1,"C","Crater","6/20/2018",7,3,13.4347,1.0515,0,0,"T","6/13/2018","Early",332,450,"Y",56.7,58.9,57.8,44.1,44,44.05,"-0.1",2.2
"174",450,"1",1,"C","Crater","6/24/2018",11,7,10.30806667,0.2728,0,0,"T","6/13/2018","Late",332,450,"Y",56.7,58.9,57.8,44.1,44,44.05,"-0.1",2.2
"175",450,"1",2,"C","Crater","7/2/2018",19,3,8.33905,0.10255,0,0,"T","6/13/2018","Early",646,450,"Y",56.7,58.9,57.8,44.1,44,44.05,"-0.1",2.2
"176",450,"1",2,"C","Crater","7/6/2018",23,7,13.91158333,0.5219,0,0,"T","6/13/2018","Late",646,450,"Y",56.7,58.9,57.8,44.1,44,44.05,"-0.1",2.2
"177",451,"1",1,"M","Crater","6/30/2018",17,7,12.65525,3.62805,0,0,"T","6/13/2018","Late",399,451,"Y",59.8,60,59.9,48,58,53,"10",0.2
"178",451,"1",1,"M","Crater","6/26/2018",13,3,8.548766667,1.0142,0,0,"T","6/13/2018","Early",399,451,"Y",59.8,60,59.9,48,58,53,"10",0.2
"179",451,"1",2,"M","Crater","7/6/2018",23,3,11.0289,0.992466667,0,0,"T","6/13/2018","Early",437,451,"Y",59.8,60,59.9,48,58,53,"10",0.2
"180",451,"1",2,"M","Crater","7/10/2018",27,7,12.37983333,5.913583333,0,0,"T","6/13/2018","Late",437,451,"Y",59.8,60,59.9,48,58,53,"10",0.2
"181",451,"2",2,"M","Crater","8/9/2018",26,6,10.89275,1.9609,0,0,"T","7/14/2018","Late",329,451,"Y",59.8,60,59.9,48,58,53,"10",0.2
"182",457,"1",1,"C","Gava 1","7/5/2018",22,6,6.969966667,0.8709,0,0,"M","6/13/2018","Late",84,457,"Y",54.7,54,54.35,42.4,43.5,42.95,"1.1",-0.7
"183",457,"1",1,"C","Gava 1","7/3/2018",20,4,5.687316667,0.535033333,0,1,"M","6/13/2018","Early",84,457,"Y",54.7,54,54.35,42.4,43.5,42.95,"1.1",-0.7
"184",457,"2",1,"C","Gava 1","7/27/2018",14,7,12.95818333,2.289016667,0,0,"M","7/13/2018","Late",208,457,"Y",54.7,54,54.35,42.4,43.5,42.95,"1.1",-0.7
"185",457,"2",1,"C","Gava 1","7/23/2018",10,3,13.04765,2.745066667,0,0,"M","7/13/2018","Early",208,457,"Y",54.7,54,54.35,42.4,43.5,42.95,"1.1",-0.7
"186",457,"2",2,"C","Gava 1 ","8/6/2018",24,6,10.93755,1.63255,0,0,"M","7/13/2018","Late",191,457,"Y",54.7,54,54.35,42.4,43.5,42.95,"1.1",-0.7
"187",457,"2",2,"C","Gava 1 ","8/4/2018",22,4,10.93755,1.63255,0,0,"M","7/13/2018","Early",191,457,"Y",54.7,54,54.35,42.4,43.5,42.95,"1.1",-0.7
"188",460,"1",1,"M","First","7/2/2018",19,7,14.50851667,2.666416667,0,0,"T","6/13/2018","Late",394,460,"Y",55.8,55.5,55.65,40.8,42,41.4,"1.2",-0.3
"189",460,"1",1,"M","First","6/28/2018",15,3,14.5411,0.76635,0,0,"T","6/13/2018","Early",394,460,"Y",55.8,55.5,55.65,40.8,42,41.4,"1.2",-0.3
"190",460,"1",2,"M","First","7/10/2018",27,6,6.530433333,0.807416667,0,0,"T","6/13/2018","Late",375,460,"Y",55.8,55.5,55.65,40.8,42,41.4,"1.2",-0.3
"191",463,"1",1,"C","First","7/2/2018",19,7,13.45605,2.308633333,0,0,"T","6/13/2018","Late",167,463,"Y",52,52.3,52.15,40.5,41.4,40.95,"0.9",0.3
"192",463,"1",1,"C","First","6/28/2018",15,3,13.8021,4.875866667,0,0,"T","6/13/2018","Early",167,463,"Y",52,52.3,52.15,40.5,41.4,40.95,"0.9",0.3
"193",463,"2",2,"C","First","8/3/2018",18,3,13.494,2.266,0,0,"T","7/16/2018","Early",273,463,"Y",52,52.3,52.15,40.5,41.4,40.95,"0.9",0.3
"194",463,"2",2,"C","First","8/6/2018",21,6,10.48825,2.345483333,0,0,"T","7/16/2018","Late",273,463,"Y",52,52.3,52.15,40.5,41.4,40.95,"0.9",0.3
"195",464,"1",1,"F","First","6/28/2018",15,7,9.236216667,1.13075,0,0,"M","6/13/2018","Late",149,464,"Y",45.3,46.1,45.7,34.4,36,35.2,"1.6",0.8
"196",464,"1",1,"F","First","6/24/2018",11,3,7.87305,2.397033333,0,0,"M","6/13/2018","Early",149,464,"Y",45.3,46.1,45.7,34.4,36,35.2,"1.6",0.8
"197",464,"1",2,"F","First","7/8/2018",25,7,6.00675,0.657966667,0,0,"M","6/13/2018","Late",42,464,"Y",45.3,46.1,45.7,34.4,36,35.2,"1.6",0.8
"198",464,"1",2,"F","First","7/4/2018",21,3,5.175916667,1.099283333,0,0,"M","6/13/2018","Early",42,464,"Y",45.3,46.1,45.7,34.4,36,35.2,"1.6",0.8
"199",464,"2",1,"F","First","7/30/2018",14,6,5.0307,1.66755,0,0,"M","7/16/2018","Late",52,464,"Y",45.3,46.1,45.7,34.4,36,35.2,"1.6",0.8
"200",464,"2",1,"F","First","7/28/2018",12,4,6.736766667,0.971933333,0,0,"M","7/16/2018","Early",52,464,"Y",45.3,46.1,45.7,34.4,36,35.2,"1.6",0.8
"201",465,"1",2,"M","First","7/4/2018",21,3,9.280333333,0.816266667,0,0,"M","6/13/2018","Early",273,465,"Y",52,52.7,52.35,36.2,37.5,36.85,"1.3",0.7
"202",465,"1",2,"M","First","7/8/2018",25,7,14.61236667,3.281166667,0,0,"M","6/13/2018","Late",273,465,"Y",52,52.7,52.35,36.2,37.5,36.85,"1.3",0.7
"203",465,"2",1,"M","First","7/28/2018",12,7,14.81286667,3.05035,0,0,"M","7/16/2018","Late",261,465,"Y",52,52.7,52.35,36.2,37.5,36.85,"1.3",0.7
"204",465,"2",1,"M","First","7/24/2018",8,3,6.835716667,2.064933333,0,0,"M","7/16/2018","Early",261,465,"Y",52,52.7,52.35,36.2,37.5,36.85,"1.3",0.7
"205",465,"2",2,"M","First ","8/5/2018",20,7,12.26746667,1.096766667,0,0,"M","7/16/2018","Late",272,465,"Y",52,52.7,52.35,36.2,37.5,36.85,"1.3",0.7
"206",465,"2",2,"M","First","8/1/2018",16,3,7.394216667,1.56125,0,0,"M","7/16/2018","Early",272,465,"Y",52,52.7,52.35,36.2,37.5,36.85,"1.3",0.7
"207",467,"1",1,"C","First","7/2/2018",19,7,7.8972,3.16935,0,0,"M","6/13/2018","Late",53,467,"Y",44.2,45.6,44.9,35,36.5,35.75,"1.5",1.4
"208",467,"1",1,"C","First","6/28/2018",15,3,10.2192,3.5775,0,0,"M","6/13/2018","Early",53,467,"Y",44.2,45.6,44.9,35,36.5,35.75,"1.5",1.4
"209",467,"2",1,"C","First","7/28/2018",12,6,11.6171,6.207966667,0,0,"M","7/16/2018","Late",73,467,"Y",44.2,45.6,44.9,35,36.5,35.75,"1.5",1.4
"210",467,"2",1,"C","First","7/26/2018",10,4,12.30443333,6.4184,0,0,"M","7/16/2018","Early",73,467,"Y",44.2,45.6,44.9,35,36.5,35.75,"1.5",1.4
"211",467,"2",2,"C","First ","8/5/2018",20,4,12.38215,3.61815,0,0,"M","7/16/2018","Early",88,467,"Y",44.2,45.6,44.9,35,36.5,35.75,"1.5",1.4
"212",471,"1",1,"M","First","6/26/2018",13,6,13.77253333,6.953916667,0,0,"T","6/13/2018","Late",319,471,"Y",51.4,52.3,51.85,40.2,42,41.1,"1.8",0.9
"213",471,"1",1,"M","First","6/24/2018",11,4,11.13718333,5.911533333,0,0,"T","6/13/2018","Early",319,471,"Y",51.4,52.3,51.85,40.2,42,41.1,"1.8",0.9
"214",471,"1",2,"M","First","7/6/2018",23,7,13.83891667,8.081666667,0,0,"T","6/13/2018","Late",370,471,"Y",51.4,52.3,51.85,40.2,42,41.1,"1.8",0.9
"215",471,"1",2,"M","First","7/2/2018",19,3,8.5522,3.6811,0,0,"T","6/13/2018","Early",370,471,"Y",51.4,52.3,51.85,40.2,42,41.1,"1.8",0.9
"216",471,"1",3,"M","First","7/14/2018",31,6,13.72925,6.701083333,0,0,"T","6/13/2018","Late",310,471,"Y",51.4,52.3,51.85,40.2,42,41.1,"1.8",0.9
"217",471,"2",1,"M","First","7/24/2018",8,3,5.615316667,1.787916667,0,0,"T","7/16/2018","Early",446,471,"Y",51.4,52.3,51.85,40.2,42,41.1,"1.8",0.9
"218",471,"2",2,"M","First","8/6/2018",21,6,13.50116667,4.669883333,0,0,"T","7/16/2018","Late",485,471,"Y",51.4,52.3,51.85,40.2,42,41.1,"1.8",0.9
"219",471,"2",2,"M","First","8/3/2018",18,3,4.359516667,2.35055,0,0,"T","7/16/2018","Early",485,471,"Y",51.4,52.3,51.85,40.2,42,41.1,"1.8",0.9
"220",474,"1",1,"M","Kilu","7/2/2018",19,4,7.861333333,1.18275,0,0,"T","6/13/2018","Early",211,474,"Y",63,63.3,63.15,55.5,53.7,54.6,"-1.8",0.3
"221",474,"1",1,"M","Kilu","7/4/2018",21,6,12.5846,2.3648,0,0,"T","6/13/2018","Late",211,474,"Y",63,63.3,63.15,55.5,53.7,54.6,"-1.8",0.3
"222",474,"1",2,"M","Kilu","7/14/2018",31,6,13.49045,1.69955,0,0,"T","6/13/2018","Late",249,474,"Y",63,63.3,63.15,55.5,53.7,54.6,"-1.8",0.3
"223",476,"1",1,"F","Kilu","6/26/2018",13,4,10.03658333,0.260666667,0,0,"T","6/13/2018","Early",365,476,"Y",57,57.1,57.05,42.5,42.2,42.35,"-0.3",0.1
"224",476,"1",1,"F","Kilu","6/28/2018",15,6,12.58491667,0.346883333,0,0,"T","6/13/2018","Late",365,476,"Y",57,57.1,57.05,42.5,42.2,42.35,"-0.3",0.1
"225",476,"1",2,"F","Kilu","7/4/2018",21,3,10.54556667,1.479966667,0,0,"T","6/13/2018","Early",469,476,"Y",57,57.1,57.05,42.5,42.2,42.35,"-0.3",0.1
"226",476,"1",2,"F","Kilu","7/8/2018",25,7,14.55615,2.268466667,0,0,"T","6/13/2018","Late",469,476,"Y",57,57.1,57.05,42.5,42.2,42.35,"-0.3",0.1
"227",476,"1",3,"F","Kilu","7/14/2018",31,3,7.9699,1.946516667,0,0,"T","6/13/2018","Early",430,476,"Y",57,57.1,57.05,42.5,42.2,42.35,"-0.3",0.1
"228",476,"2",1,"F","Kilu","8/3/2018",16,7,13.61313333,0.4773,0,0,"T","7/18/2018","Late",506,476,"Y",57,57.1,57.05,42.5,42.2,42.35,"-0.3",0.1
"229",477,"1",1,"C","Kilu","6/28/2018",15,3,7.386883333,1.41795,0,0,"T","6/13/2018","Early",231,477,"Y",53.1,53.2,53.15,46,46,46,"0",0.1
"230",477,"2",2,"C","Kilu","8/9/2018",24,6,13.09146667,4.7201,0,0,"T","7/16/2018","Late",234,477,"Y",53.1,53.2,53.15,46,46,46,"0",0.1
"231",478,"1",1,"F","Kilu","7/6/2018",23,7,12.82431667,0.1236,0,0,"M","6/13/2018","Late",382,478,"Y",63.9,63,63.45,48,48,48,"0",-0.9
"232",478,"1",1,"F","Kilu","7/2/2018",19,3,14.6596,0.1677,0,0,"M","6/13/2018","Early",382,478,"Y",63.9,63,63.45,48,48,48,"0",-0.9
"233",478,"1",2,"F","Kilu","7/14/2018",31,4,14.74518333,1.0497,0,0,"M","6/13/2018","Early",307,478,"Y",63.9,63,63.45,48,48,48,"0",-0.9
"234",478,"2",1,"F","Kilu","7/30/2018",12,3,13.1817,0.1184,0,0,"M","7/18/2018","Early",658,478,"Y",63.9,63,63.45,48,48,48,"0",-0.9
"235",478,"2",1,"F","Kilu","8/3/2018",16,7,13.71536667,0.471,0,0,"M","7/18/2018","Late",658,478,"Y",63.9,63,63.45,48,48,48,"0",-0.9
"236",478,"2",2,"F","Kilu ","8/11/2018",24,4,13.37821667,0.556083333,0,0,"M","7/18/2018","Early",182,478,"Y",63.9,63,63.45,48,48,48,"0",-0.9
"237",479,"1",1,"C","Kilu","7/2/2018",19,3,8.512816667,1.28585,0,0,"M","6/13/2018","Early",179,479,"Y",55,56.4,55.7,44.3,45,44.65,"0.7",1.4
"238",479,"1",1,"C","Kilu","7/6/2018",23,7,5.993783333,3.4102,0,0,"M","6/13/2018","Late",179,479,"Y",55,56.4,55.7,44.3,45,44.65,"0.7",1.4
"239",479,"1",2,"C","Kilu","7/16/2018",33,6,13.11546667,3.0975,0,0,"M","6/13/2018","Late",173,479,"Y",55,56.4,55.7,44.3,45,44.65,"0.7",1.4
"240",479,"1",2,"C","Kilu","7/14/2018",31,4,9.266283333,1.387433333,0,0,"M","6/13/2018","Early",173,479,"Y",55,56.4,55.7,44.3,45,44.65,"0.7",1.4
"241",479,"2",1,"C","Kilu","7/30/2018",12,4,11.37265,1.261833333,0,0,"M","7/18/2018","Early",315,479,"Y",55,56.4,55.7,44.3,45,44.65,"0.7",1.4
"242",479,"2",1,"C","Kilu","8/1/2018",14,6,9.138916667,1.0869,0,0,"M","7/18/2018","Late",315,479,"Y",55,56.4,55.7,44.3,45,44.65,"0.7",1.4
"243",495,"1",1,"M","Bobs","6/25/2018",12,4,11.71468333,1.4802,0,0,"T","6/13/2018","Early",311,495,"Y",53.4,53.5,53.45,43,43.1,43.05,"0.1",0.1
"244",495,"1",1,"M","Bobs","6/27/2018",14,6,13.5141,0.629516667,0,0,"T","6/13/2018","Late",311,495,"Y",53.4,53.5,53.45,43,43.1,43.05,"0.1",0.1
"245",495,"1",2,"M","Bobs","7/3/2018",20,3,11.5937,0.494016667,0,0,"T","6/13/2018","Early",382,495,"Y",53.4,53.5,53.45,43,43.1,43.05,"0.1",0.1
"246",495,"1",2,"M","Bobs","7/7/2018",24,7,14.36643333,2.3268,0,0,"T","6/13/2018","Late",382,495,"Y",53.4,53.5,53.45,43,43.1,43.05,"0.1",0.1
"247",495,"1",3,"M","Bobs","7/15/2018",32,6,12.49163333,0.714783333,0,0,"T","6/13/2018","Late",393,495,"Y",53.4,53.5,53.45,43,43.1,43.05,"0.1",0.1
"248",495,"1",3,"M","Bobs","7/13/2018",30,4,9.94175,0.852733333,0,0,"T","6/13/2018","Early",393,495,"Y",53.4,53.5,53.45,43,43.1,43.05,"0.1",0.1
"249",495,"2",1,"M","Bobs","7/23/2018",6,3,9.0202,0.193516667,0,0,"T","7/17/2018","Early",421,495,"Y",53.4,53.5,53.45,43,43.1,43.05,"0.1",0.1
"250",495,"2",2,"M","Bobs","8/4/2018",18,6,13.90473333,1.427283333,0,0,"T","7/17/2018","Late",488,495,"Y",53.4,53.5,53.45,43,43.1,43.05,"0.1",0.1
"251",495,"2",3,"M","Bobs","8/10/2018",24,3,9.597016667,0.152583333,0,0,"T","7/17/2018","Early",413,495,"Y",53.4,53.5,53.45,43,43.1,43.05,"0.1",0.1
"252",496,"1",1,"F","Bobs","7/11/2018",28,7,12.71393333,1.575933333,0,0,"T","6/13/2018","Late",368,496,"Y",58.5,60,59.25,46.2,47.7,46.95,"1.5",1.5
"253",496,"1",1,"F","Bobs","7/7/2018",24,3,13.5848,2.136566667,0,0,"T","6/13/2018","Early",368,496,"Y",58.5,60,59.25,46.2,47.7,46.95,"1.5",1.5
"254",496,"2",1,"F","Bobs","7/25/2018",12,4,13.38891667,0.409,0,0,"T","7/13/2018","Early",431,496,"Y",58.5,60,59.25,46.2,47.7,46.95,"1.5",1.5
"255",496,"2",2,"F","Bobs","8/4/2018",22,3,13.65418333,0.29565,0,0,"T","7/13/2018","Early",465,496,"Y",58.5,60,59.25,46.2,47.7,46.95,"1.5",1.5
"256",496,"2",2,"F","Bobs","8/8/2018",26,7,11.46493333,1.27815,0,0,"T","7/13/2018","Late",465,496,"Y",58.5,60,59.25,46.2,47.7,46.95,"1.5",1.5
"257",498,"1",1,"M","Bobs","6/29/2018",16,4,12.76203333,3.403633333,0,0,"T","6/13/2018","Early",374,498,"Y",58.4,59.3,58.85,43,43.1,43.05,"0.1",0.9
"258",498,"1",1,"M","Bobs","7/1/2018",18,6,14.71351667,5.621716667,0,0,"T","6/13/2018","Late",374,498,"Y",58.4,59.3,58.85,43,43.1,43.05,"0.1",0.9
"259",498,"1",2,"M","Bobs","7/11/2018",28,6,14.65233333,2.755066667,0,0,"T","6/13/2018","Late",297,498,"Y",58.4,59.3,58.85,43,43.1,43.05,"0.1",0.9
"260",499,"1",1,"F","Bob's","6/27/2018",14,4,6.75505,0.031166667,0,0,"M","6/13/2018","Early",440,499,"Y",62,62.2,62.1,47.5,48,47.75,"0.5",0.2
"261",499,"1",1,"F","Bob's","6/29/2018",16,6,10.4903,0,0,0,"M","6/13/2018","Late",440,499,"Y",62,62.2,62.1,47.5,48,47.75,"0.5",0.2
"262",499,"1",2,"F","Bob's","7/7/2018",24,4,8.475616667,0.328816667,0,0,"M","6/13/2018","Early",450,499,"Y",62,62.2,62.1,47.5,48,47.75,"0.5",0.2
"263",499,"1",2,"F","Bob's","7/9/2018",26,6,11.34863333,0.23095,0,0,"M","6/13/2018","Late",450,499,"Y",62,62.2,62.1,47.5,48,47.75,"0.5",0.2
"264",499,"2",1,"F","Bob's","7/29/2018",16,7,14.15985,0.482383333,0,0,"M","7/13/2018","Late",586,499,"Y",62,62.2,62.1,47.5,48,47.75,"0.5",0.2
"265",499,"2",1,"F","Bob's","7/25/2018",12,3,11.08161667,0.592066667,0,0,"M","7/13/2018","Early",586,499,"Y",62,62.2,62.1,47.5,48,47.75,"0.5",0.2
"266",501,"1",1,"M","Bob's","7/5/2018",22,6,12.32118333,1.537416667,0,0,"M","6/13/2018","Late",204,501,"Y",56,56.3,56.15,47.7,47.8,47.75,"0.1",0.3
"267",501,"1",1,"M","Bob's","7/3/2018",20,4,12.10413333,1.86045,0,0,"M","6/13/2018","Early",204,501,"Y",56,56.3,56.15,47.7,47.8,47.75,"0.1",0.3
"268",501,"2",1,"M","Bob's","7/17/2018",4,3,9.5326,1.912433333,0,0,"M","7/13/2018","Early",323,501,"Y",56,56.3,56.15,47.7,47.8,47.75,"0.1",0.3
"269",501,"2",1,"M","Bob's","7/17/2018",4,3,9.5326,1.912433333,0,0,"M","7/13/2018","Early",515,501,"Y",56,56.3,56.15,47.7,47.8,47.75,"0.1",0.3
"270",511,"1",1,"C","First","6/28/2018",15,6,11.85391667,2.903983333,0,0,"M","6/13/2018","Late",218,511,"Y",49.1,48.4,48.75,38.1,37.6,37.85,"-0.5",-0.7
"271",511,"1",2,"C","First","7/6/2018",23,3,6.51325,2.37845,0,0,"M","6/13/2018","Early",247,511,"Y",49.1,48.4,48.75,38.1,37.6,37.85,"-0.5",-0.7
"272",511,"2",1,"C","First","7/24/2018",8,3,10.0168,3.903616667,0,0,"M","7/16/2018","Early",323,511,"Y",49.1,48.4,48.75,38.1,37.6,37.85,"-0.5",-0.7
"273",511,"2",1,"C","First","7/28/2018",12,7,13.80481667,3.432933333,0,0,"M","7/16/2018","Late",323,511,"Y",49.1,48.4,48.75,38.1,37.6,37.85,"-0.5",-0.7
"274",511,"2",2,"C","First ","8/5/2018",20,3,7.770883333,1.242266667,0,0,"M","7/16/2018","Early",226,511,"Y",49.1,48.4,48.75,38.1,37.6,37.85,"-0.5",-0.7
"275",511,"2",2,"C","First ","8/8/2018",23,6,9.736883333,2.21495,0,0,"M","7/16/2018","Late",226,511,"Y",49.1,48.4,48.75,38.1,37.6,37.85,"-0.5",-0.7
"276",514,"1",1,"F","Limuka","7/3/2018",20,7,14.7865,1.50455,0,0,"T","6/13/2018","Late",389,514,"Y",55.8,56.1,55.95,48.8,49.6,49.2,"0.8",0.3
"277",514,"1",1,"F","Limuka","7/3/2018",20,7,14.7865,1.50455,0,0,"T","6/13/2018","Late",501,514,"Y",55.8,56.1,55.95,48.8,49.6,49.2,"0.8",0.3
"278",514,"1",1,"F","Limuka","6/29/2018",16,3,13.35281667,0.898266667,0,0,"M","6/13/2018","Early",389,514,"Y",55.8,56.1,55.95,48.8,49.6,49.2,"0.8",0.3
"279",514,"1",1,"F","Limuka","6/29/2018",16,3,13.35281667,0.898266667,0,0,"M","6/13/2018","Early",501,514,"Y",55.8,56.1,55.95,48.8,49.6,49.2,"0.8",0.3
"280",514,"2",1,"F","Limuka","7/31/2018",16,3,11.96203333,2.6682,0,0,"M","7/15/2018","Early",517,514,"Y",55.8,56.1,55.95,48.8,49.6,49.2,"0.8",0.3
"281",515,"1",1,"C","Gava 1","6/27/2018",14,7,9.726066667,1.02035,0,0,"M","6/13/2018","Late",111,515,"Y",51.3,52,51.65,43.8,44,43.9,"0.2",0.7
"282",515,"1",1,"C","Gava 1","6/23/2018",10,3,7.959683333,2.268483333,0,0,"M","6/13/2018","Early",111,515,"Y",51.3,52,51.65,43.8,44,43.9,"0.2",0.7
"283",515,"2",1,"C","Gava 1","7/21/2018",8,4,8.471033333,1.756333333,0,0,"M","7/13/2018","Early",225,515,"Y",51.3,52,51.65,43.8,44,43.9,"0.2",0.7
"284",515,"2",1,"C","Gava 1","7/23/2018",10,6,13.70346667,3.1933,0,0,"M","7/13/2018","Late",225,515,"Y",51.3,52,51.65,43.8,44,43.9,"0.2",0.7
"285",517,"1",1,"M","Gava Gava","7/1/2018",18,4,7.139816667,0.8098,0,3,"T","6/13/2018","Early",240,517,"Y",51.5,51.2,51.35,38.2,NA,38.2,"#VALUE!",-0.3
"286",517,"1",1,"M","Gava Gava","7/3/2018",20,6,11.60635,1.704316667,0,0,"T","6/13/2018","Late",240,517,"Y",51.5,51.2,51.35,38.2,NA,38.2,"#VALUE!",-0.3
"287",517,"1",2,"M","Gava Gava","7/9/2018",26,3,12.2275,2.243183333,0,0,"T","6/13/2018","Early",202,517,"Y",51.5,51.2,51.35,38.2,NA,38.2,"#VALUE!",-0.3
"288",517,"1",2,"M","Gava Gava","7/13/2018",30,7,9.8242,0.265916667,0,0,"T","6/13/2018","Late",202,517,"Y",51.5,51.2,51.35,38.2,NA,38.2,"#VALUE!",-0.3
"289",518,"1",1,"F","Gava Gava","7/3/2018",20,7,6.299133333,0.4971,0,0,"T","6/13/2018","Late",29,518,"Y",45,45.2,45.1,36.3,37.2,36.75,"0.9",0.2
"290",518,"1",2,"F","Gava Gava","7/11/2018",28,7,8.612483333,1.548633333,0,0,"T","6/13/2018","Late",69,518,"Y",45,45.2,45.1,36.3,37.2,36.75,"0.9",0.2
"291",518,"1",2,"F","Gava Gava","7/7/2018",24,3,5.233616667,0.710366667,0,0,"T","6/13/2018","Early",69,518,"Y",45,45.2,45.1,36.3,37.2,36.75,"0.9",0.2
"292",518,"2",2,"F","Gava Gava","8/8/2018",26,6,11.39001667,0.614916667,0,0,"T","7/13/2018","Late",56,518,"Y",45,45.2,45.1,36.3,37.2,36.75,"0.9",0.2
"293",519,"1",1,"M","Gava Gava","6/19/2018",6,4,6.295866667,0.925633333,0,0,"T","6/13/2018","Early",151,519,"Y",50.5,51,50.75,41.2,40.7,40.95,"-0.5",0.5
"294",519,"1",1,"M","Gava Gava","6/21/2018",8,6,7.184833333,1.336533333,0,0,"T","6/13/2018","Late",151,519,"Y",50.5,51,50.75,41.2,40.7,40.95,"-0.5",0.5
"295",519,"1",2,"M","Gava Gava","7/3/2018",20,7,12.99368333,2.719533333,0,0,"T","6/13/2018","Late",384,519,"Y",50.5,51,50.75,41.2,40.7,40.95,"-0.5",0.5
"296",519,"1",2,"M","Gava Gava","6/29/2018",16,3,7.245483333,1.681416667,0,0,"T","6/13/2018","Early",384,519,"Y",50.5,51,50.75,41.2,40.7,40.95,"-0.5",0.5
"297",519,"1",3,"M","Gava Gava","7/7/2018",24,3,10.69353333,2.029816667,0,0,"T","6/13/2018","Early",296,519,"Y",50.5,51,50.75,41.2,40.7,40.95,"-0.5",0.5
"298",519,"1",3,"M","Gava Gava","7/11/2018",28,7,7.657333333,0.536666667,0,0,"T","6/13/2018","Late",296,519,"Y",50.5,51,50.75,41.2,40.7,40.95,"-0.5",0.5
"299",519,"2",1,"M","Gava Gava","7/25/2018",12,4,6.847316667,0.341266667,0,0,"T","7/13/2018","Early",333,519,"Y",50.5,51,50.75,41.2,40.7,40.95,"-0.5",0.5
"300",519,"2",2,"M","Gava Gava","8/6/2018",24,7,13.491,4.082966667,0,0,"T","7/13/2018","Late",415,519,"Y",50.5,51,50.75,41.2,40.7,40.95,"-0.5",0.5
"301",519,"2",3,"M","Gava Gava","8/13/2018",31,4,5.0586,2.82995,0,0,"T","7/13/2018","Early",352,519,"Y",50.5,51,50.75,41.2,40.7,40.95,"-0.5",0.5
"302",519,"2",3,"M","Gava Gava","8/16/2018",34,7,9.60075,4.485983333,0,0,"T","7/13/2018","Late",352,519,"Y",50.5,51,50.75,41.2,40.7,40.95,"-0.5",0.5
"303",529,"1",1,"C","Luba","6/23/2018",10,4,11.95881667,2.981983333,0,0,"M","6/13/2018","Early",168,529,"Y",54,54.5,54.25,41.9,42.7,42.3,"0.8",0.5
"304",529,"1",2,"C","Luba","7/5/2018",22,7,13.7626,4.535666667,0,0,"M","6/13/2018","Late",333,529,"Y",54,54.5,54.25,41.9,42.7,42.3,"0.8",0.5
"305",529,"1",2,"C","Luba","7/1/2018",18,3,12.61798333,1.5838,0,0,"M","6/13/2018","Early",333,529,"Y",54,54.5,54.25,41.9,42.7,42.3,"0.8",0.5
"306",529,"1",3,"C","Luba","7/11/2018",28,3,12.1917,2.3067,0,0,"M","6/13/2018","Early",105,529,"Y",54,54.5,54.25,41.9,42.7,42.3,"0.8",0.5
"307",529,"2",1,"C","Luba","7/22/2018",7,4,13.29038333,3.812933333,0,0,"M","7/15/2018","Early",193,529,"Y",54,54.5,54.25,41.9,42.7,42.3,"0.8",0.5
"308",529,"2",1,"C","Luba","7/24/2018",9,6,14.27986667,3.98545,0,0,"M","7/15/2018","Late",193,529,"Y",54,54.5,54.25,41.9,42.7,42.3,"0.8",0.5
"309",529,"2",2,"C","Luba ","8/3/2018",19,4,13.64633333,2.410133333,0,0,"M","7/15/2018","Early",274,529,"Y",54,54.5,54.25,41.9,42.7,42.3,"0.8",0.5
"310",529,"2",2,"C","Luba","8/1/2018",17,4,13.82985,1.9263,0,0,"M","7/15/2018","Early",274,529,"Y",54,54.5,54.25,41.9,42.7,42.3,"0.8",0.5
"311",529,"2",3,"C","Luba","8/11/2018",27,3,12.98985,5.535583333,0,0,"M","7/15/2018","Early",370,529,"Y",54,54.5,54.25,41.9,42.7,42.3,"0.8",0.5
"312",583,"1",1,"C","Limuka","6/25/2018",12,3,6.825866667,1.867766667,0,0,"T","6/13/2018","Early",256,583,"Y",54.7,54.5,54.6,39.6,39.6,39.6,"0",-0.2
"313",583,"1",1,"C","Limuka","6/29/2019",381,7,8.471116667,3.267583333,0,0,"T","6/13/2018","Late",256,583,"Y",54.7,54.5,54.6,39.6,39.6,39.6,"0",-0.2
"314",583,"2",1,"C","Limuka","7/25/2018",10,7,12.64336667,1.651333333,0,0,"T","7/15/2018","Late",430,583,"Y",54.7,54.5,54.6,39.6,39.6,39.6,"0",-0.2
"315",583,"2",1,"C","Limuka","7/21/2018",6,3,11.04385,4.216866667,0,0,"T","7/15/2018","Early",430,583,"Y",54.7,54.5,54.6,39.6,39.6,39.6,"0",-0.2
"316",583,"2",2,"C","Limuka","8/4/2018",20,7,13.80051667,0.891283333,0,0,"T","7/15/2018","Late",393,583,"Y",54.7,54.5,54.6,39.6,39.6,39.6,"0",-0.2
"317",583,"2",3,"C","Limuka","8/10/2018",26,4,8.05995,0.8375,0,0,"T","7/15/2018","Early",412,583,"Y",54.7,54.5,54.6,39.6,39.6,39.6,"0",-0.2
"318",583,"2",3,"C","Limuka","8/12/2018",28,6,10.2225,1.0429,0,0,"T","7/15/2018","Late",412,583,"Y",54.7,54.5,54.6,39.6,39.6,39.6,"0",-0.2
"319",584,"1",1,"M","Crater","7/4/2018",21,6,14.0769,3.433883333,0,0,"M","6/13/2018","Late",159,584,"Y",59.8,58.6,59.2,44,44.8,44.4,"0.8",-1.2
"320",584,"1",1,"M","Crater","7/2/2018",19,4,7.918633333,1.476,0,0,"M","6/13/2018","Early",159,584,"Y",59.8,58.6,59.2,44,44.8,44.4,"0.8",-1.2
"321",584,"2",1,"M","Crater","7/28/2018",14,3,11.07948333,7.657533333,0,0,"M","7/14/2018","Early",305,584,"Y",59.8,58.6,59.2,44,44.8,44.4,"0.8",-1.2
"322",585,"1",1,"F","Gava 1 ","7/1/2018",18,7,14.78383333,6.774283333,0,0,"M","6/13/2018","Late",152,585,"Y",52.5,52.3,52.4,38.1,38.5,38.3,"0.4",-0.2
"323",585,"1",1,"F","Gava 1 ","6/27/2018",14,3,10.52775,0.675916667,0,2,"M","6/13/2018","Early",152,585,"Y",52.5,52.3,52.4,38.1,38.5,38.3,"0.4",-0.2
"324",585,"1",2,"F","Gava 1 ","7/7/2018",24,4,8.141116667,1.776816667,0,0,"M","6/13/2018","Early",136,585,"Y",52.5,52.3,52.4,38.1,38.5,38.3,"0.4",-0.2
"325",585,"1",2,"F","Gava 1 ","7/9/2018",26,6,14.84001667,7.977033333,0,0,"M","6/13/2018","Late",136,585,"Y",52.5,52.3,52.4,38.1,38.5,38.3,"0.4",-0.2
"326",585,"2",1,"F","Gava 1 ","7/31/2018",18,7,13.83873333,3.437966667,0,0,"M","7/13/2018","Late",171,585,"Y",52.5,52.3,52.4,38.1,38.5,38.3,"0.4",-0.2
"327",585,"2",1,"F","Gava 1 ","7/27/2018",14,3,8.88285,1.5036,0,0,"M","7/13/2018","Early",171,585,"Y",52.5,52.3,52.4,38.1,38.5,38.3,"0.4",-0.2
"328",585,"2",2,"F","Gava 1","8/6/2018",24,4,11.9443,2.941133333,0,0,"M","7/13/2018","Early",186,585,"Y",52.5,52.3,52.4,38.1,38.5,38.3,"0.4",-0.2
"329",585,"2",2,"F","Gava 1","8/8/2018",26,6,12.2827,1.282983333,0,0,"M","7/13/2018","Late",186,585,"Y",52.5,52.3,52.4,38.1,38.5,38.3,"0.4",-0.2
"330",590,"1",1,"M","Gava 1 ","6/25/2018",12,4,8.865066667,3.327666667,0,0,"M","6/13/2018","Early",89,590,"Y",51,51.4,51.2,40,40.4,40.2,"0.4",0.4
"331",590,"1",1,"M","Gava 1 ","6/27/2018",14,6,10.09593333,3.337116667,0,0,"M","6/13/2018","Late",89,590,"Y",51,51.4,51.2,40,40.4,40.2,"0.4",0.4
"332",590,"1",2,"M","Gava 1 ","7/7/2018",24,7,14.70728333,7.195483333,0,0,"M","6/13/2018","Late",312,590,"Y",51,51.4,51.2,40,40.4,40.2,"0.4",0.4
"333",590,"1",2,"M","Gava 1 ","7/3/2018",20,3,10.08145,4.122366667,0,0,"M","6/13/2018","Early",312,590,"Y",51,51.4,51.2,40,40.4,40.2,"0.4",0.4
"334",590,"2",1,"M","Gava 1 ","7/29/2018",16,7,12.73093333,4.55545,0,0,"M","7/13/2018","Late",394,590,"Y",51,51.4,51.2,40,40.4,40.2,"0.4",0.4
"335",590,"2",1,"M","Gava 1 ","7/25/2018",12,3,8.628816667,2.379133333,0,0,"M","7/13/2018","Early",394,590,"Y",51,51.4,51.2,40,40.4,40.2,"0.4",0.4
"336",590,"2",2,"M","Gava 1","8/6/2018",24,6,13.7943,4.6807,0,0,"M","7/13/2018","Late",312,590,"Y",51,51.4,51.2,40,40.4,40.2,"0.4",0.4
"337",590,"2",2,"M","Gava 1","8/4/2018",22,4,10.6443,1.6847,0,0,"M","7/13/2018","Early",312,590,"Y",51,51.4,51.2,40,40.4,40.2,"0.4",0.4
"338",600,"2",1,"M","Hanging 2 ","8/3/2018",18,7,8.709916667,4.005466667,0,0,"M","7/16/2018","Late",258,600,"Y",49,50.6,49.8,33.2,35.8,34.5,"2.6",1.6
"339",600,"2",1,"M","Hanging 2 ","7/30/2018",14,3,11.74833333,1.3349,0,0,"M","7/16/2018","Early",258,600,"Y",49,50.6,49.8,33.2,35.8,34.5,"2.6",1.6
"340",602,"1",1,"F","Bob's ","7/3/2018",20,6,14.63056667,1.843333333,0,0,"M","6/13/2018","Late",416,602,"Y",65,66.3,65.65,49.9,50,49.95,"0.1",1.3
"341",602,"1",1,"F","Bob's ","7/1/2018",18,4,12.30966667,0.77185,0,0,"M","6/13/2018","Early",416,602,"Y",65,66.3,65.65,49.9,50,49.95,"0.1",1.3
"342",602,"1",2,"F","Bob's ","7/13/2018",30,6,14.64763333,1.1185,0,0,"M","6/13/2018","Late",463,602,"Y",65,66.3,65.65,49.9,50,49.95,"0.1",1.3
"343",602,"1",2,"F","Bob's ","7/11/2018",28,4,12.10196667,1.020316667,0,0,"M","6/13/2018","Early",463,602,"Y",65,66.3,65.65,49.9,50,49.95,"0.1",1.3
"344",602,"2",1,"F","Bob's ","7/29/2018",14,3,14.66115,0.909,0,0,"M","7/15/2018","Early",402,602,"Y",65,66.3,65.65,49.9,50,49.95,"0.1",1.3
"345",602,"2",1,"F","Bob's ","8/2/2018",18,7,14.74891667,2.708716667,0,0,"M","7/15/2018","Late",402,602,"Y",65,66.3,65.65,49.9,50,49.95,"0.1",1.3
"346",602,"2",2,"F","Bob's","8/8/2018",24,3,6.49615,1.458383333,0,1,"M","7/15/2018","Early",671,602,"Y",65,66.3,65.65,49.9,50,49.95,"0.1",1.3
"347",602,"2",2,"F","Bob's","8/12/2018",28,7,14.98651667,0.276916667,0,0,"M","7/15/2018","Late",671,602,"Y",65,66.3,65.65,49.9,50,49.95,"0.1",1.3
"348",604,"1",1,"C","Luba Luba","6/27/2018",14,3,9.03135,2.462466667,0,0,"T","6/13/2018","Early",180,604,"Y",57,57.7,57.35,42.3,43.9,43.1,"1.6",0.7
"349",604,"2",2,"C","Luba Luba","8/11/2018",27,4,5.646483333,1.530433333,0,0,"T","7/15/2018","Early",165,604,"Y",57,57.7,57.35,42.3,43.9,43.1,"1.6",0.7
"350",604,"2",2,"C","Luba Luba","8/13/2018",29,6,7.768016667,0.621966667,0,0,"T","7/15/2018","Late",165,604,"Y",57,57.7,57.35,42.3,43.9,43.1,"1.6",0.7
"351",607,"1",1,"F","Hanging 2 ","6/28/2018",15,3,9.62405,2.631333333,0,0,"M","6/13/2018","Early",321,607,"Y",51,50.8,50.9,38.5,39.4,38.95,"0.9",-0.2
"352",607,"1",1,"F","Hanging 2 ","7/2/2018",19,7,13.15348333,2.814183333,0,0,"M","6/13/2018","Late",321,607,"Y",51,50.8,50.9,38.5,39.4,38.95,"0.9",-0.2
"353",607,"1",2,"F","Hanging 2 ","7/14/2018",31,7,7.21145,3.746566667,0,0,"M","6/13/2018","Late",114,607,"Y",51,50.8,50.9,38.5,39.4,38.95,"0.9",-0.2
"354",607,"1",2,"F","Hanging 2 ","7/10/2018",27,3,9.256983333,3.4327,0,0,"M","6/13/2018","Early",114,607,"Y",51,50.8,50.9,38.5,39.4,38.95,"0.9",-0.2
"355",608,"1",2,"C","Hanging 2 ","7/8/2018",25,3,12.18901667,3.3561,0,0,"M","6/13/2018","Early",251,608,"Y",53.7,53.8,53.75,37.4,NA,37.4,"-37.4",0.1
"356",608,"2",1,"C","Hanging 2 ","7/30/2018",16,7,11.02688333,1.387866667,0,0,"M","7/14/2018","Late",378,608,"Y",53.7,53.8,53.75,37.4,NA,37.4,"-37.4",0.1
"357",608,"2",1,"C","Hanging 2 ","7/26/2018",12,3,11.53705,1.375333333,0,0,"M","7/14/2018","Early",378,608,"Y",53.7,53.8,53.75,37.4,NA,37.4,"-37.4",0.1
"358",609,"1",1,"C","Hanging","6/22/2018",9,4,13.89315,1.388166667,0,0,"T","6/13/2018","Early",501,609,"Y",59.2,60,59.6,44,44.6,44.3,"0.6",0.8
"359",609,"1",1,"C","Hanging","6/24/2018",11,6,12.28675,1.395966667,0,0,"T","6/13/2018","Late",501,609,"Y",59.2,60,59.6,44,44.6,44.3,"0.6",0.8
"360",609,"1",2,"C","Hanging","6/30/2018",17,3,13.31138333,1.143183333,0,0,"T","6/13/2018","Early",638,609,"Y",59.2,60,59.6,44,44.6,44.3,"0.6",0.8
"361",609,"2",1,"C","Hanging","7/22/2018",8,3,14.19056667,1.53635,0,0,"T","7/14/2018","Early",527,609,"Y",59.2,60,59.6,44,44.6,44.3,"0.6",0.8
"362",609,"2",2,"C","Hanging","8/5/2018",22,6,13.75255,4.580466667,0,0,"T","7/14/2018","Late",213,609,"Y",59.2,60,59.6,44,44.6,44.3,"0.6",0.8
"363",610,"1",1,"C","Bob's ","6/27/2018",14,7,11.73268333,1.120983333,0,0,"M","6/13/2018","Late",262,610,"Y",53.7,53.5,53.6,42.1,43,42.55,"0.9",-0.2
"364",610,"1",1,"C","Bob's ","6/23/2018",10,3,10.50715,0.543083333,0,0,"M","6/13/2018","Early",262,610,"Y",53.7,53.5,53.6,42.1,43,42.55,"0.9",-0.2
"365",610,"2",1,"C","Bob's ","7/21/2018",8,4,12.049,1.223666667,0,0,"M","7/13/2018","Early",275,610,"Y",53.7,53.5,53.6,42.1,43,42.55,"0.9",-0.2
"366",610,"2",1,"C","Bob's ","7/23/2018",10,6,13.27368333,1.7684,0,0,"M","7/13/2018","Late",275,610,"Y",53.7,53.5,53.6,42.1,43,42.55,"0.9",-0.2
"367",610,"2",2,"C","Bob's ","8/2/2018",20,4,11.63781667,0.3537,0,0,"M","7/13/2018","Early",443,610,"Y",53.7,53.5,53.6,42.1,43,42.55,"0.9",-0.2
"368",610,"2",2,"C","Bob's","8/4/2018",22,6,12.5204,1.211366667,0,0,"M","7/13/2018","Late",443,610,"Y",53.7,53.5,53.6,42.1,43,42.55,"0.9",-0.2
"369",610,"2",3,"C","Bob's","8/12/2018",30,3,11.45051667,1.538516667,0,0,"M","7/13/2018","Early",389,610,"Y",53.7,53.5,53.6,42.1,43,42.55,"0.9",-0.2
