"","ID","Month","Month.Clutch","Laid","Hatched","Reef","Treatment","expt.x","FSL.1","FSL.2","FSL","MSL.1","MSL.2","MSL","MDSL","FDSL","Prophatch","Anemone.ID","Clutch.Age","M.tend","Age","expt.y","OLRE"
"1",204,"1",1,165,122,"Marks","F","Y",46.6,49,47.8,33.2,36.3,34.75,"3.1",2.4,0.739393939393939,204,6,12.49008333,"Late","Y",1
"2",204,"2",1,335,199,"Marks","F","Y",46.6,49,47.8,33.2,36.3,34.75,"3.1",2.4,0.594029850746269,204,7,11.27338333,"Late","Y",2
"3",204,"2",2,289,223,"Marks","F","Y",46.6,49,47.8,33.2,36.3,34.75,"3.1",2.4,0.771626297577855,204,6,14.25533333,"Late","Y",3
"4",338,"2",1,121,39,"First","M","Y",53.3,53.6,53.45,40.5,41,40.75,"0.5",0.3,0.322314049586777,NA,NA,NA,NA,NA,4
"5",338,"2",2,203,107,"First","M","Y",53.3,53.6,53.45,40.5,41,40.75,"0.5",0.3,0.527093596059113,338,7,13.57235,"Late","Y",5
"6",347,"1",1,NA,NA,NA,NA,NA,NA,NA,NA,NA,NA,NA,NA,NA,NA,347,7,13.72433333,"Late","Y",6
"7",347,"1",2,500,388,"Bob's","C","Y",60.9,61.6,61.25,52.1,52.5,52.3,"0.4",0.7,0.776,347,6,14.78251667,"Late","Y",7
"8",347,"2",1,597,481,"Bob's","C","Y",60.9,61.6,61.25,52.1,52.5,52.3,"0.4",0.7,0.805695142378559,NA,NA,NA,NA,NA,8
"9",347,"2",2,659,533,"Bob's","C","Y",60.9,61.6,61.25,52.1,52.5,52.3,"0.4",0.7,0.808801213960546,347,7,14.80548333,"Late","Y",9
"10",351,"1",2,232,183,"Hanging 2","F","Y",51.6,51.7,51.65,43.5,42.8,43.15,"-0.7",0.1,0.788793103448276,351,6,10.75893,"Late","Y",10
"11",351,"2",1,293,221,"Hanging 2","F","Y",51.6,51.7,51.65,43.5,42.8,43.15,"-0.7",0.1,0.754266211604096,351,6,14.12023,"Late","Y",11
"12",353,"1",1,189,118,"Hanging 1","F","Y",56.1,56.2,56.15,45.5,44.5,45,"-1",0.1,0.624338624338624,353,6,14.10738333,"Late","Y",12
"13",353,"1",2,293,103,"Hanging 1","F","Y",56.1,56.2,56.15,45.5,44.5,45,"-1",0.1,0.351535836177474,353,7,13.53848333,"Late","Y",13
"14",353,"2",1,212,42,"Hanging 1","F","Y",56.1,56.2,56.15,45.5,44.5,45,"-1",0.1,0.19811320754717,NA,NA,NA,NA,NA,14
"15",355,"1",1,179,110,"Hanging 1","C","Y",55.3,54.4,54.85,43.5,44.2,43.85,"0.7",-0.9,0.614525139664804,355,6,11.50293333,"Late","Y",15
"16",355,"1",2,295,202,"Hanging 1","C","Y",55.3,54.4,54.85,43.5,44.2,43.85,"0.7",-0.9,0.684745762711864,355,7,14.94048333,"Late","Y",16
"17",355,"2",1,246,172,"Hanging 1","C","Y",55.3,54.4,54.85,43.5,44.2,43.85,"0.7",-0.9,0.699186991869919,355,7,10.79926667,"Late","Y",17
"18",355,"2",2,296,206,"Hanging 1","C","Y",55.3,54.4,54.85,43.5,44.2,43.85,"0.7",-0.9,0.695945945945946,355,7,14.62906667,"Late","Y",18
"19",356,"1",1,147,21,"Hanging 1","M","Y",52.1,51.7,51.9,37.7,36.6,37.15,"-1.1",-0.4,0.142857142857143,356,7,7.64085,"Late","Y",19
"20",356,"1",2,227,64,"Hanging 1","M","Y",52.1,51.7,51.9,37.7,36.6,37.15,"-1.1",-0.4,0.281938325991189,356,7,10.5726,"Late","Y",20
"21",356,"2",1,121,53,"Hanging 1","M","Y",52.1,51.7,51.9,37.7,36.6,37.15,"-1.1",-0.4,0.43801652892562,356,7,7.861566667,"Late","Y",21
"22",356,"2",2,281,264,"Hanging 1","M","Y",52.1,51.7,51.9,37.7,36.6,37.15,"-1.1",-0.4,0.939501779359431,356,6,14.4549,"Late","Y",22
"23",356,"2",3,264,160,"Hanging 1","M","Y",52.1,51.7,51.9,37.7,36.6,37.15,"-1.1",-0.4,0.606060606060606,356,7,10.90391667,"Late","Y",23
"24",358,"1",1,234,180,"Hanging 2","C","Y",55.5,56.1,55.8,42.7,44,43.35,"1.3",0.6,0.769230769230769,358,7,13.4554,"Late","Y",24
"25",358,"1",2,271,231,"Hanging 2","C","Y",55.5,56.1,55.8,42.7,44,43.35,"1.3",0.6,0.85239852398524,358,6,14.47058333,"Late","Y",25
"26",358,"2",1,430,368,"Hanging 2","C","Y",55.5,56.1,55.8,42.7,44,43.35,"1.3",0.6,0.855813953488372,358,6,14.76513333,"Late","Y",26
"27",358,"2",2,408,350,"Hanging 2","C","Y",55.5,56.1,55.8,42.7,44,43.35,"1.3",0.6,0.857843137254902,358,6,13.51533333,"Late","Y",27
"28",362,"1",1,436,332,"Marks","M","Y",52.7,53,52.85,42,42.8,42.4,"0.8",0.3,0.761467889908257,362,7,13.53353333,"Late","Y",28
"29",362,"1",2,490,361,"Marks","M","Y",52.7,53,52.85,42,42.8,42.4,"0.8",0.3,0.736734693877551,362,7,14.42296667,"Late","Y",29
"30",362,"1",3,393,322,"Marks","M","Y",52.7,53,52.85,42,42.8,42.4,"0.8",0.3,0.819338422391858,362,6,9.52075,"Late","Y",30
"31",362,"2",1,662,568,"Marks","M","Y",52.7,53,52.85,42,42.8,42.4,"0.8",0.3,0.858006042296072,362,7,14.6089,"Late","Y",31
"32",362,"2",2,608,565,"Marks","M","Y",52.7,53,52.85,42,42.8,42.4,"0.8",0.3,0.929276315789474,362,7,14.7475,"Late","Y",32
"33",380,"2",1,160,50,"First","F","Y",49,51,50,38.4,38,38.2,"-0.4",2,0.3125,380,7,12.89858333,"Late","Y",33
"34",381,"1",1,271,187,"Luba","F","Y",53.8,53.1,53.45,38.2,37.4,37.8,"-0.8",-0.7,0.690036900369004,381,7,12.30193333,"Late","Y",34
"35",381,"1",2,302,199,"Luba","F","Y",53.8,53.1,53.45,38.2,37.4,37.8,"-0.8",-0.7,0.658940397350993,381,7,13.87163333,"Late","Y",35
"36",381,"2",1,402,326,"Luba","F","Y",53.8,53.1,53.45,38.2,37.4,37.8,"-0.8",-0.7,0.810945273631841,381,6,12.17898333,"Late","Y",36
"37",384,"1",1,209,166,"Hanging 2","M","Y",51,51.4,51.2,40.3,40,40.15,"-0.3",0.4,0.794258373205742,384,6,11.40006667,"Late","Y",37
"38",384,"1",2,273,203,"Hanging 2","M","Y",51,51.4,51.2,40.3,40,40.15,"-0.3",0.4,0.743589743589744,384,7,11.53111667,"Late","Y",38
"39",384,"1",3,253,174,"Hanging 2","M","Y",51,51.4,51.2,40.3,40,40.15,"-0.3",0.4,0.687747035573123,384,7,13.32005,"Late","Y",39
"40",384,"2",1,343,294,"Hanging 2","M","Y",51,51.4,51.2,40.3,40,40.15,"-0.3",0.4,0.857142857142857,384,6,11.60121667,"Late","Y",40
"41",384,"2",2,362,272,"Hanging 2","M","Y",51,51.4,51.2,40.3,40,40.15,"-0.3",0.4,0.751381215469613,384,7,12.59133333,"Late","Y",41
"42",386,"1",1,59,14,"First","F","Y",53.4,54.6,54,39.3,42.1,40.7,"2.8",1.2,0.23728813559322,386,7,10.84235,"Late","Y",42
"43",386,"2",2,143,107,"First","F","Y",53.4,54.6,54,39.3,42.1,40.7,"2.8",1.2,0.748251748251748,NA,NA,NA,NA,NA,43
"44",390,"1",1,165,16,"Marks","C","Y",54.4,55.8,55.1,40,39.4,39.7,"-0.6",1.4,0.096969696969697,390,6,7.206616667,"Late","Y",44
"45",390,"1",2,NA,NA,NA,NA,NA,NA,NA,NA,NA,NA,NA,NA,NA,NA,390,7,8.1688,"Late","Y",45
"46",390,"1",3,195,107,"Marks","C","Y",54.4,55.8,55.1,40,39.4,39.7,"-0.6",1.4,0.548717948717949,390,7,11.75938333,"Late","Y",46
"47",390,"2",1,350,225,"Marks","C","Y",54.4,55.8,55.1,40,39.4,39.7,"-0.6",1.4,0.642857142857143,NA,NA,NA,NA,NA,47
"48",390,"2",2,366,191,"Marks","C","Y",54.4,55.8,55.1,40,39.4,39.7,"-0.6",1.4,0.521857923497268,390,7,11.31988333,"Late","Y",48
"49",390,"2",3,247,211,"Marks","C","Y",54.4,55.8,55.1,40,39.4,39.7,"-0.6",1.4,0.854251012145749,NA,NA,NA,NA,NA,49
"50",392,"1",1,226,103,"Luba","M","Y",48.2,50,49.1,35.6,37.2,36.4,"1.6",1.8,0.455752212389381,392,7,13.6208,"Late","Y",50
"51",392,"1",2,170,12,"Luba","M","Y",48.2,50,49.1,35.6,37.2,36.4,"1.6",1.8,0.0705882352941176,NA,NA,NA,NA,NA,51
"52",392,"2",1,415,223,"Luba","M","Y",48.2,50,49.1,35.6,37.2,36.4,"1.6",1.8,0.537349397590361,392,7,13.41613333,"Late","Y",52
"53",393,"1",1,186,157,"Luba","M","Y",46.5,47.9,47.2,37,38.5,37.75,"1.5",1.4,0.844086021505376,393,6,7.357716667,"Late","Y",53
"54",393,"2",1,230,112,"Luba","M","Y",46.5,47.9,47.2,37,38.5,37.75,"1.5",1.4,0.48695652173913,393,7,12.84086667,"Late","Y",54
"55",393,"2",2,269,216,"Luba","M","Y",46.5,47.9,47.2,37,38.5,37.75,"1.5",1.4,0.802973977695167,393,6,10.55326667,"Late","Y",55
"56",393,"2",3,254,216,"Luba","M","Y",46.5,47.9,47.2,37,38.5,37.75,"1.5",1.4,0.850393700787402,NA,NA,NA,NA,NA,56
"57",394,"1",1,358,271,"Hanging 1","M","Y",55.4,56.6,56,42,42,42,"0",1.2,0.756983240223464,394,6,10.4492,"Late","Y",57
"58",394,"1",2,426,251,"Hanging 1","M","Y",55.4,56.6,56,42,42,42,"0",1.2,0.589201877934272,394,7,14.09953333,"Late","Y",58
"59",394,"2",2,503,443,"Hanging 1","M","Y",55.4,56.6,56,42,42,42,"0",1.2,0.880715705765408,394,6,12.38333333,"Late","Y",59
"60",396,"1",1,117,59,"Crater","F","Y",56.5,57.3,56.9,39.5,39.7,39.6,"0.2",0.8,0.504273504273504,396,7,13.27965,"Late","Y",60
"61",396,"2",1,188,133,"Crater","F","Y",56.5,57.3,56.9,39.5,39.7,39.6,"0.2",0.8,0.707446808510638,396,7,14.28405,"Late","Y",61
"62",399,"1",2,408,330,"Hanging 1","C","Y",59.8,60,59.9,45.7,44.9,45.3,"-0.8",0.2,0.808823529411765,399,6,13.81101667,"Late","Y",62
"63",399,"2",1,439,366,"Hanging 1","C","Y",59.8,60,59.9,45.7,44.9,45.3,"-0.8",0.2,0.83371298405467,NA,NA,NA,NA,NA,63
"64",403,"1",1,590,449,"Limuka","M","Y",74.2,71.8,73,47,47.2,47.1,"0.2",-2.4,0.761016949152542,403,7,14.64866667,"Late","Y",64
"65",403,"2",1,671,566,"Limuka","M","Y",74.2,71.8,73,47,47.2,47.1,"0.2",-2.4,0.843517138599106,NA,NA,NA,NA,NA,65
"66",403,"2",2,975,803,"Limuka","M","Y",74.2,71.8,73,47,47.2,47.1,"0.2",-2.4,0.823589743589744,403,7,14.6665,"Late","Y",66
"67",405,"1",1,271,53,"Limuka","F","Y",57.5,58,57.75,47.4,47.7,47.55,"0.3",0.5,0.195571955719557,NA,NA,NA,NA,NA,67
"68",405,"2",1,310,146,"Limuka","F","Y",57.5,58,57.75,47.4,47.7,47.55,"0.3",0.5,0.470967741935484,NA,NA,NA,NA,NA,68
"69",405,"2",2,424,293,"Limuka","F","Y",57.5,58,57.75,47.4,47.7,47.55,"0.3",0.5,0.691037735849057,405,7,14.58886667,"Late","Y",69
"70",406,"1",2,90,78,"Limuka","M",NA,NA,NA,NA,NA,NA,NA,NA,NA,0.866666666666667,406,7,9.1488,"Late",NA,70
"71",406,"2",1,337,310,"Limuka","M",NA,NA,NA,NA,NA,NA,NA,NA,NA,0.919881305637982,406,6,13.97285,"Late",NA,71
"72",406,"2",2,421,380,"Limuka","M",NA,NA,NA,NA,NA,NA,NA,NA,NA,0.902612826603325,406,7,14.54921667,"Late",NA,72
"73",408,"1",1,261,191,"Bob's","C","Y",54.7,54,54.35,45.9,46.7,46.3,"0.8",-0.7,0.731800766283525,408,6,12.51805,"Late","Y",73
"74",408,"1",2,403,98,"Bob's","C","Y",54.7,54,54.35,45.9,46.7,46.3,"0.8",-0.7,0.24317617866005,408,7,14.65933333,"Late","Y",74
"75",411,"1",1,NA,NA,NA,NA,NA,NA,NA,NA,NA,NA,NA,NA,NA,NA,411,7,13.76015,"Late","Y",75
"76",411,"1",2,261,244,"Marks","M","Y",56.8,57,56.9,47.7,48,47.85,"0.3",0.2,0.934865900383142,NA,NA,NA,NA,NA,76
"77",411,"2",1,494,30,"Marks","M","Y",56.8,57,56.9,47.7,48,47.85,"0.3",0.2,0.0607287449392713,411,7,6.431666667,"Late","Y",77
"78",412,"1",1,NA,NA,NA,NA,NA,NA,NA,NA,NA,NA,NA,NA,NA,NA,412,6,13.30176667,"Late","Y",78
"79",412,"1",2,407,371,"Marks","F","Y",48.8,49.6,49.2,38.7,39.4,39.05,"0.7",0.8,0.911547911547912,412,7,14.16235,"Late","Y",79
"80",412,"1",3,387,333,"Marks","F","Y",48.8,49.6,49.2,38.7,39.4,39.05,"0.7",0.8,0.86046511627907,NA,NA,NA,NA,NA,80
"81",412,"2",1,488,429,"Marks","F","Y",48.8,49.6,49.2,38.7,39.4,39.05,"0.7",0.8,0.879098360655738,NA,NA,NA,NA,NA,81
"82",412,"2",2,422,384,"Marks","F","Y",48.8,49.6,49.2,38.7,39.4,39.05,"0.7",0.8,0.909952606635071,412,7,14.35138333,"Late","Y",82
"83",413,"1",1,298,166,"Marks","C","Y",52,53,52.5,37.3,37.8,37.55,"0.5",1,0.557046979865772,413,6,10.6337,"Late","Y",83
"84",413,"1",2,326,213,"Marks","C","Y",52,53,52.5,37.3,37.8,37.55,"0.5",1,0.653374233128834,413,6,9.586083333,"Late","Y",84
"85",413,"1",3,339,146,"Marks","C","Y",52,53,52.5,37.3,37.8,37.55,"0.5",1,0.430678466076696,413,7,12.61066667,"Late","Y",85
"86",413,"2",1,473,166,"Marks","C","Y",52,53,52.5,37.3,37.8,37.55,"0.5",1,0.350951374207188,NA,NA,NA,NA,NA,86
"87",413,"2",2,68,45,"Marks","C","Y",52,53,52.5,37.3,37.8,37.55,"0.5",1,0.661764705882353,413,6,10.53536667,"Late","Y",87
"88",417,"1",1,213,153,"Hanging 1","F","Y",49,52,50.5,36.5,38.3,37.4,"1.8",3,0.71830985915493,417,6,9.63275,"Late","Y",88
"89",417,"1",2,170,102,"Hanging 1","F","Y",49,52,50.5,36.5,38.3,37.4,"1.8",3,0.6,417,6,7.06725,"Late","Y",89
"90",424,"1",1,376,100,"Luba","F","Y",62,62.8,62.4,49.7,49.2,49.45,"-0.5",0.8,0.265957446808511,424,7,12.54453333,"Late","Y",90
"91",424,"2",1,480,348,"Luba","F","Y",62,62.8,62.4,49.7,49.2,49.45,"-0.5",0.8,0.725,424,7,14.66235,"Late","Y",91
"92",426,"1",1,156,136,"Luba","C","Y",47,48.4,47.7,39.7,39.6,39.65,"-0.1",1.4,0.871794871794872,426,7,12.19975,"Late","Y",92
"93",426,"2",1,182,153,"Luba","C","Y",47,48.4,47.7,39.7,39.6,39.65,"-0.1",1.4,0.840659340659341,426,6,11.49678333,"Late","Y",93
"94",449,"1",2,619,436,"Crater","F","Y",62,61.7,61.85,50,48.8,49.4,"-1.2",-0.3,0.704361873990307,449,7,14.35905,"Late","Y",94
"95",449,"1",3,422,265,"Crater","F","Y",62,61.7,61.85,50,48.8,49.4,"-1.2",-0.3,0.627962085308057,449,7,14.52518333,"Late","Y",95
"96",449,"2",1,592,425,"Crater","F","Y",62,61.7,61.85,50,48.8,49.4,"-1.2",-0.3,0.717905405405405,NA,NA,NA,NA,NA,96
"97",449,"2",2,551,468,"Crater","F","Y",62,61.7,61.85,50,48.8,49.4,"-1.2",-0.3,0.849364791288566,449,7,14.60113333,"Late","Y",97
"98",450,"1",1,332,232,"Crater","C","Y",56.7,58.9,57.8,44.1,44,44.05,"-0.1",2.2,0.698795180722892,450,7,10.30806667,"Late","Y",98
"99",450,"1",2,646,413,"Crater","C","Y",56.7,58.9,57.8,44.1,44,44.05,"-0.1",2.2,0.639318885448916,450,7,13.91158333,"Late","Y",99
"100",451,"1",1,399,216,"Crater","M","Y",59.8,60,59.9,48,58,53,"10",0.2,0.541353383458647,451,7,12.65525,"Late","Y",100
"101",451,"1",2,437,10,"Crater","M","Y",59.8,60,59.9,48,58,53,"10",0.2,0.022883295194508,451,7,12.37983333,"Late","Y",101
"102",451,"2",1,546,304,"Crater","M","Y",59.8,60,59.9,48,58,53,"10",0.2,0.556776556776557,NA,NA,NA,NA,NA,102
"103",451,"2",2,329,199,"Crater","M","Y",59.8,60,59.9,48,58,53,"10",0.2,0.604863221884498,451,6,10.89275,"Late","Y",103
"104",457,"1",1,84,20,"Gava 1","C","Y",54.7,54,54.35,42.4,43.5,42.95,"1.1",-0.7,0.238095238095238,457,6,6.969966667,"Late","Y",104
"105",457,"2",1,208,80,"Gava 1","C","Y",54.7,54,54.35,42.4,43.5,42.95,"1.1",-0.7,0.384615384615385,457,7,12.95818333,"Late","Y",105
"106",457,"2",2,191,42,"Gava 1","C","Y",54.7,54,54.35,42.4,43.5,42.95,"1.1",-0.7,0.219895287958115,457,6,10.93755,"Late","Y",106
"107",460,"1",1,394,246,"First","M","Y",55.8,55.5,55.65,40.8,42,41.4,"1.2",-0.3,0.624365482233503,460,7,14.50851667,"Late","Y",107
"108",460,"1",2,375,11,"First","M","Y",55.8,55.5,55.65,40.8,42,41.4,"1.2",-0.3,0.0293333333333333,460,6,6.530433333,"Late","Y",108
"109",460,"2",1,432,227,"First","M","Y",55.8,55.5,55.65,40.8,42,41.4,"1.2",-0.3,0.525462962962963,NA,NA,NA,NA,NA,109
"110",460,"2",2,365,145,"First","M","Y",55.8,55.5,55.65,40.8,42,41.4,"1.2",-0.3,0.397260273972603,NA,NA,NA,NA,NA,110
"111",463,"1",1,167,17,"First","C","Y",52,52.3,52.15,40.5,41.4,40.95,"0.9",0.3,0.101796407185629,463,7,13.45605,"Late","Y",111
"112",463,"2",2,273,64,"First","C","Y",52,52.3,52.15,40.5,41.4,40.95,"0.9",0.3,0.234432234432234,463,6,10.48825,"Late","Y",112
"113",464,"1",1,149,24,"First","F","Y",45.3,46.1,45.7,34.4,36,35.2,"1.6",0.8,0.161073825503356,464,7,9.236216667,"Late","Y",113
"114",464,"1",2,42,7,"First","F","Y",45.3,46.1,45.7,34.4,36,35.2,"1.6",0.8,0.166666666666667,464,7,6.00675,"Late","Y",114
"115",464,"2",1,52,8,"First","F","Y",45.3,46.1,45.7,34.4,36,35.2,"1.6",0.8,0.153846153846154,464,6,5.0307,"Late","Y",115
"116",465,"1",2,273,165,"First","M","Y",52,52.7,52.35,36.2,37.5,36.85,"1.3",0.7,0.604395604395604,465,7,14.61236667,"Late","Y",116
"117",465,"2",1,261,144,"First","M","Y",52,52.7,52.35,36.2,37.5,36.85,"1.3",0.7,0.551724137931034,465,7,14.81286667,"Late","Y",117
"118",465,"2",2,272,171,"First","M","Y",52,52.7,52.35,36.2,37.5,36.85,"1.3",0.7,0.628676470588235,465,7,12.26746667,"Late","Y",118
"119",467,"1",1,53,7,"First","C","Y",44.2,45.6,44.9,35,36.5,35.75,"1.5",1.4,0.132075471698113,467,7,7.8972,"Late","Y",119
"120",467,"2",1,73,49,"First","C","Y",44.2,45.6,44.9,35,36.5,35.75,"1.5",1.4,0.671232876712329,467,6,11.6171,"Late","Y",120
"121",471,"1",1,NA,NA,NA,NA,NA,NA,NA,NA,NA,NA,NA,NA,NA,NA,471,6,13.77253333,"Late","Y",121
"122",471,"1",2,370,211,"First","M","Y",51.4,52.3,51.85,40.2,42,41.1,"1.8",0.9,0.57027027027027,471,7,13.83891667,"Late","Y",122
"123",471,"1",3,310,260,"First","M","Y",51.4,52.3,51.85,40.2,42,41.1,"1.8",0.9,0.838709677419355,471,6,13.72925,"Late","Y",123
"124",471,"2",1,446,360,"First","M","Y",51.4,52.3,51.85,40.2,42,41.1,"1.8",0.9,0.807174887892377,NA,NA,NA,NA,NA,124
"125",471,"2",2,485,399,"First","M","Y",51.4,52.3,51.85,40.2,42,41.1,"1.8",0.9,0.822680412371134,471,6,13.50116667,"Late","Y",125
"126",474,"1",1,211,97,"Kilu","M","Y",63,63.3,63.15,55.5,53.7,54.6,"-1.8",0.3,0.459715639810427,474,6,12.5846,"Late","Y",126
"127",474,"1",2,249,140,"Kilu","M","Y",63,63.3,63.15,55.5,53.7,54.6,"-1.8",0.3,0.562248995983936,474,6,13.49045,"Late","Y",127
"128",474,"2",1,551,285,"Kilu","M","Y",63,63.3,63.15,55.5,53.7,54.6,"-1.8",0.3,0.517241379310345,NA,NA,NA,NA,NA,128
"129",476,"1",1,365,321,"Kilu","F","Y",57,57.1,57.05,42.5,42.2,42.35,"-0.3",0.1,0.879452054794521,476,6,12.58491667,"Late","Y",129
"130",476,"1",2,469,434,"Kilu","F","Y",57,57.1,57.05,42.5,42.2,42.35,"-0.3",0.1,0.925373134328358,476,7,14.55615,"Late","Y",130
"131",476,"2",1,506,425,"Kilu","F","Y",57,57.1,57.05,42.5,42.2,42.35,"-0.3",0.1,0.839920948616601,476,7,13.61313333,"Late","Y",131
"132",477,"1",1,231,46,"Kilu","C","Y",53.1,53.2,53.15,46,46,46,"0",0.1,0.199134199134199,NA,NA,NA,NA,NA,132
"133",477,"2",1,273,192,"Kilu","C","Y",53.1,53.2,53.15,46,46,46,"0",0.1,0.703296703296703,NA,NA,NA,NA,NA,133
"134",477,"2",2,234,171,"Kilu","C","Y",53.1,53.2,53.15,46,46,46,"0",0.1,0.730769230769231,477,6,13.09146667,"Late","Y",134
"135",478,"1",1,382,165,"Kilu","F","Y",63.9,63,63.45,48,48,48,"0",-0.9,0.431937172774869,478,7,12.82431667,"Late","Y",135
"136",478,"1",2,307,137,"Kilu","F","Y",63.9,63,63.45,48,48,48,"0",-0.9,0.446254071661238,NA,NA,NA,NA,NA,136
"137",478,"2",1,658,238,"Kilu","F","Y",63.9,63,63.45,48,48,48,"0",-0.9,0.361702127659574,478,7,13.71536667,"Late","Y",137
"138",478,"2",2,182,124,"Kilu","F","Y",63.9,63,63.45,48,48,48,"0",-0.9,0.681318681318681,NA,NA,NA,NA,NA,138
"139",479,"1",1,179,83,"Kilu","C","Y",55,56.4,55.7,44.3,45,44.65,"0.7",1.4,0.463687150837989,479,7,5.993783333,"Late","Y",139
"140",479,"1",2,173,142,"Kilu","C","Y",55,56.4,55.7,44.3,45,44.65,"0.7",1.4,0.820809248554913,479,6,13.11546667,"Late","Y",140
"141",479,"2",1,315,216,"Kilu","C","Y",55,56.4,55.7,44.3,45,44.65,"0.7",1.4,0.685714285714286,479,6,9.138916667,"Late","Y",141
"142",495,"1",1,311,275,"Bob's","M","Y",53.4,53.5,53.45,43,43.1,43.05,"0.1",0.1,0.884244372990354,495,6,13.5141,"Late","Y",142
"143",495,"1",2,382,280,"Bob's","M","Y",53.4,53.5,53.45,43,43.1,43.05,"0.1",0.1,0.732984293193717,495,7,14.36643333,"Late","Y",143
"144",495,"1",3,393,376,"Bob's","M","Y",53.4,53.5,53.45,43,43.1,43.05,"0.1",0.1,0.956743002544529,495,6,12.49163333,"Late","Y",144
"145",495,"2",1,421,331,"Bob's","M","Y",53.4,53.5,53.45,43,43.1,43.05,"0.1",0.1,0.786223277909739,NA,NA,NA,NA,NA,145
"146",495,"2",2,488,445,"Bob's","M","Y",53.4,53.5,53.45,43,43.1,43.05,"0.1",0.1,0.911885245901639,495,6,13.90473333,"Late","Y",146
"147",496,"1",1,368,236,"Bob's","F","Y",58.5,60,59.25,46.2,47.7,46.95,"1.5",1.5,0.641304347826087,496,7,12.71393333,"Late","Y",147
"148",496,"2",1,431,328,"Bob's","F","Y",58.5,60,59.25,46.2,47.7,46.95,"1.5",1.5,0.761020881670534,NA,NA,NA,NA,NA,148
"149",496,"2",2,465,175,"Bob's","F","Y",58.5,60,59.25,46.2,47.7,46.95,"1.5",1.5,0.376344086021505,496,7,11.46493333,"Late","Y",149
"150",498,"1",1,374,269,"Bob's","M","Y",58.4,59.3,58.85,43,43.1,43.05,"0.1",0.9,0.719251336898396,498,6,14.71351667,"Late","Y",150
"151",498,"1",2,297,255,"Bob's","M","Y",58.4,59.3,58.85,43,43.1,43.05,"0.1",0.9,0.858585858585859,498,6,14.65233333,"Late","Y",151
"152",499,"1",1,440,329,"Bob's","F","Y",62,62.2,62.1,47.5,48,47.75,"0.5",0.2,0.747727272727273,499,6,10.4903,"Late","Y",152
"153",499,"1",2,450,367,"Bob's","F","Y",62,62.2,62.1,47.5,48,47.75,"0.5",0.2,0.815555555555556,499,6,11.34863333,"Late","Y",153
"154",499,"2",1,586,412,"Bob's","F","Y",62,62.2,62.1,47.5,48,47.75,"0.5",0.2,0.703071672354949,499,7,14.15985,"Late","Y",154
"155",501,"1",1,204,122,"Bob's","M","Y",56,56.3,56.15,47.7,47.8,47.75,"0.1",0.3,0.598039215686274,501,6,12.32118333,"Late","Y",155
"156",511,"1",1,218,202,"First","C","Y",49.1,48.4,48.75,38.1,37.6,37.85,"-0.5",-0.7,0.926605504587156,511,6,11.85391667,"Late","Y",156
"157",511,"1",2,247,229,"First","C","Y",49.1,48.4,48.75,38.1,37.6,37.85,"-0.5",-0.7,0.927125506072874,NA,NA,NA,NA,NA,157
"158",511,"2",1,323,261,"First","C","Y",49.1,48.4,48.75,38.1,37.6,37.85,"-0.5",-0.7,0.808049535603715,511,7,13.80481667,"Late","Y",158
"159",511,"2",2,226,201,"First","C","Y",49.1,48.4,48.75,38.1,37.6,37.85,"-0.5",-0.7,0.889380530973451,511,6,9.736883333,"Late","Y",159
"160",514,"1",1,NA,NA,NA,NA,NA,NA,NA,NA,NA,NA,NA,NA,NA,NA,514,7,14.7865,"Late","Y",160
"161",514,"1",1,NA,NA,NA,NA,NA,NA,NA,NA,NA,NA,NA,NA,NA,NA,514,7,14.7865,"Late","Y",161
"162",515,"1",1,111,51,"Gava 1","C","Y",51.3,52,51.65,43.8,44,43.9,"0.2",0.7,0.459459459459459,515,7,9.726066667,"Late","Y",162
"163",515,"2",1,225,158,"Gava 1","C","Y",51.3,52,51.65,43.8,44,43.9,"0.2",0.7,0.702222222222222,515,6,13.70346667,"Late","Y",163
"164",517,"1",1,NA,NA,NA,NA,NA,NA,NA,NA,NA,NA,NA,NA,NA,NA,517,6,11.60635,"Late","Y",164
"165",517,"1",2,202,113,"Gava 1","M","Y",51.5,51.2,51.35,38.2,NA,38.2,"#VALUE!",-0.3,0.559405940594059,517,7,9.8242,"Late","Y",165
"166",518,"1",1,NA,NA,NA,NA,NA,NA,NA,NA,NA,NA,NA,NA,NA,NA,518,7,6.299133333,"Late","Y",166
"167",518,"1",2,69,25,"Gava 1","F","Y",45,45.2,45.1,36.3,37.2,36.75,"0.9",0.2,0.36231884057971,518,7,8.612483333,"Late","Y",167
"168",518,"2",1,81,38,"Gava 1","F","Y",45,45.2,45.1,36.3,37.2,36.75,"0.9",0.2,0.469135802469136,NA,NA,NA,NA,NA,168
"169",518,"2",2,56,55,"Gava 1","F","Y",45,45.2,45.1,36.3,37.2,36.75,"0.9",0.2,0.982142857142857,518,6,11.39001667,"Late","Y",169
"170",519,"1",1,151,135,"Gava 1","M","Y",50.5,51,50.75,41.2,40.7,40.95,"-0.5",0.5,0.894039735099338,519,6,7.184833333,"Late","Y",170
"171",519,"1",2,NA,NA,NA,NA,NA,NA,NA,NA,NA,NA,NA,NA,NA,NA,519,7,12.99368333,"Late","Y",171
"172",519,"1",3,296,167,"Gava 1","M","Y",50.5,51,50.75,41.2,40.7,40.95,"-0.5",0.5,0.564189189189189,519,7,7.657333333,"Late","Y",172
"173",519,"2",2,415,390,"Gava 1","M","Y",50.5,51,50.75,41.2,40.7,40.95,"-0.5",0.5,0.939759036144578,519,7,13.491,"Late","Y",173
"174",519,"2",3,352,302,"Gava 1","M","Y",50.5,51,50.75,41.2,40.7,40.95,"-0.5",0.5,0.857954545454545,519,7,9.60075,"Late","Y",174
"175",529,"1",2,333,226,"Luba","C","Y",54,54.5,54.25,41.9,42.7,42.3,"0.8",0.5,0.678678678678679,529,7,13.7626,"Late","Y",175
"176",529,"2",1,193,83,"Luba","C","Y",54,54.5,54.25,41.9,42.7,42.3,"0.8",0.5,0.430051813471503,529,6,14.27986667,"Late","Y",176
"177",529,"2",2,274,207,"Luba","C","Y",54,54.5,54.25,41.9,42.7,42.3,"0.8",0.5,0.755474452554745,NA,NA,NA,NA,NA,177
"178",583,"1",1,256,199,"Limuka","C","Y",54.7,54.5,54.6,39.6,39.6,39.6,"0",-0.2,0.77734375,583,7,8.471116667,"Late","Y",178
"179",583,"2",1,430,354,"Limuka","C","Y",54.7,54.5,54.6,39.6,39.6,39.6,"0",-0.2,0.823255813953488,583,7,12.64336667,"Late","Y",179
"180",583,"2",2,393,340,"Limuka","C","Y",54.7,54.5,54.6,39.6,39.6,39.6,"0",-0.2,0.865139949109415,583,7,13.80051667,"Late","Y",180
"181",583,"2",3,412,374,"Limuka","C","Y",54.7,54.5,54.6,39.6,39.6,39.6,"0",-0.2,0.907766990291262,583,6,10.2225,"Late","Y",181
"182",584,"1",1,159,114,"Crater","M","Y",59.8,58.6,59.2,44,44.8,44.4,"0.8",-1.2,0.716981132075472,584,6,14.0769,"Late","Y",182
"183",584,"2",1,305,222,"Crater","M","Y",59.8,58.6,59.2,44,44.8,44.4,"0.8",-1.2,0.727868852459016,NA,NA,NA,NA,NA,183
"184",585,"1",1,152,132,"Gava 1","F","Y",52.5,52.3,52.4,38.1,38.5,38.3,"0.4",-0.2,0.868421052631579,585,7,14.78383333,"Late","Y",184
"185",585,"1",2,136,131,"Gava 1","F","Y",52.5,52.3,52.4,38.1,38.5,38.3,"0.4",-0.2,0.963235294117647,585,6,14.84001667,"Late","Y",185
"186",585,"2",1,NA,NA,NA,NA,NA,NA,NA,NA,NA,NA,NA,NA,NA,NA,585,7,13.83873333,"Late","Y",186
"187",585,"2",2,186,163,"Gava 1","F","Y",52.5,52.3,52.4,38.1,38.5,38.3,"0.4",-0.2,0.876344086021505,585,6,12.2827,"Late","Y",187
"188",590,"1",1,89,38,"Gava 1","M","Y",51,51.4,51.2,40,40.4,40.2,"0.4",0.4,0.426966292134831,590,6,10.09593333,"Late","Y",188
"189",590,"1",2,312,197,"Gava 1","M","Y",51,51.4,51.2,40,40.4,40.2,"0.4",0.4,0.631410256410256,590,7,14.70728333,"Late","Y",189
"190",590,"2",1,394,327,"Gava 1","M","Y",51,51.4,51.2,40,40.4,40.2,"0.4",0.4,0.82994923857868,590,7,12.73093333,"Late","Y",190
"191",590,"2",2,312,186,"Gava 1","M","Y",51,51.4,51.2,40,40.4,40.2,"0.4",0.4,0.596153846153846,590,6,13.7943,"Late","Y",191
"192",600,"1",2,232,63,"Hanging 2","M","Y",49,50.6,49.8,33.2,35.8,34.5,"2.6",1.6,0.271551724137931,NA,NA,NA,NA,NA,192
"193",600,"2",1,258,67,"Hanging 2","M","Y",49,50.6,49.8,33.2,35.8,34.5,"2.6",1.6,0.25968992248062,600,7,8.709916667,"Late","Y",193
"194",602,"1",1,NA,NA,NA,NA,NA,NA,NA,NA,NA,NA,NA,NA,NA,NA,602,6,14.63056667,"Late","Y",194
"195",602,"1",2,463,348,"Bob's","F","Y",65,66.3,65.65,49.9,50,49.95,"0.1",1.3,0.751619870410367,602,6,14.64763333,"Late","Y",195
"196",602,"2",1,402,267,"Bob's","F","Y",65,66.3,65.65,49.9,50,49.95,"0.1",1.3,0.664179104477612,602,7,14.74891667,"Late","Y",196
"197",602,"2",2,671,488,"Bob's","F","Y",65,66.3,65.65,49.9,50,49.95,"0.1",1.3,0.727272727272727,602,7,14.98651667,"Late","Y",197
"198",604,"2",2,165,157,"Luba","C","Y",57,57.7,57.35,42.3,43.9,43.1,"1.6",0.7,0.951515151515152,604,6,7.768016667,"Late","Y",198
"199",607,"1",1,321,99,"Hanging 2","F","Y",51,50.8,50.9,38.5,39.4,38.95,"0.9",-0.2,0.308411214953271,607,7,13.15348333,"Late","Y",199
"200",607,"1",2,114,22,"Hanging 2","F","Y",51,50.8,50.9,38.5,39.4,38.95,"0.9",-0.2,0.192982456140351,607,7,7.21145,"Late","Y",200
"201",608,"1",2,251,217,"Hanging 2","C","Y",53.7,53.8,53.75,37.4,NA,37.4,"-37.4",0.1,0.864541832669323,NA,NA,NA,NA,NA,201
"202",608,"2",1,378,338,"Hanging 2","C","Y",53.7,53.8,53.75,37.4,NA,37.4,"-37.4",0.1,0.894179894179894,608,7,11.02688333,"Late","Y",202
"203",609,"1",1,501,405,"Hanging 1","C","Y",59.2,60,59.6,44,44.6,44.3,"0.6",0.8,0.808383233532934,609,6,12.28675,"Late","Y",203
"204",609,"2",2,213,149,"Hanging 1","C","Y",59.2,60,59.6,44,44.6,44.3,"0.6",0.8,0.699530516431925,609,6,13.75255,"Late","Y",204
"205",610,"1",1,262,257,"Bob's","C","Y",53.7,53.5,53.6,42.1,43,42.55,"0.9",-0.2,0.980916030534351,610,7,11.73268333,"Late","Y",205
"206",610,"2",1,275,270,"Bob's","C","Y",53.7,53.5,53.6,42.1,43,42.55,"0.9",-0.2,0.981818181818182,610,6,13.27368333,"Late","Y",206
"207",610,"2",2,443,378,"Bob's","C","Y",53.7,53.5,53.6,42.1,43,42.55,"0.9",-0.2,0.853273137697517,610,6,12.5204,"Late","Y",207
"208",610,"2",3,389,317,"Bob's","C","Y",53.7,53.5,53.6,42.1,43,42.55,"0.9",-0.2,0.814910025706941,NA,NA,NA,NA,NA,208
